DATE,DESCRIPTION,REFRENCE,DEBIT,HEAD
,,,,
15-Dec-22,PAID TO HABIBULLAH,R-I/HANIF,5000000,LAND PAYMENT
15-Dec-22,PAID TO HABIBULLAH,R-I/HANIF,5000000,LAND PAYMENT
15-Dec-22,PAID TO HANIF LALANI ,,1000000,LAND PAYMENT
15-Dec-22,INVESTMENT RETURN RAFIQUE,,1000000,INVESTMENT RETURN
20-Dec-22,GIVEN TO PIYARO,,5000,OFFICE EXPENSE
20-Dec-22,QAYYOM FOR BHOLARI LOGO,,5000,OFFICE EXPENSE
20-Dec-22,BAKRA CUTTING IN SITE,,15000,OFFICE EXPENSE
20-Dec-22,VISIT BHOLARI & DINNER,,9350,OFFICE EXPENSE
20-Dec-22,MOLANA & FUEL,,4500,OFFICE EXPENSE
20-Dec-22,AGREMENT (ARIF),,5000,OFFICE EXPENSE
20-Dec-22,DINNER & VISIT,,7500,OFFICE EXPENSE
14-Jan-23,DINNER BHOLARI,,8420,OFFICE EXPENSE
14-Jan-23,AGREMENT REHAN ,,3000,OFFICE EXPENSE
18-Jan-23,PARTNERS STAMP,,600,OFFICE EXPENSE
2-Feb-23,REFRESHMENT HABIB OFS,,1861,OFFICE EXPENSE
13-Feb-23,REFRESHMENT HABIB OFS,,1500,OFFICE EXPENSE
13-Feb-23,PRINTING AUTO RENT,,600,OFFICE EXPENSE
13-Feb-23,AGREEMENT  REHAN,,5000,OFFICE EXPENSE
22-Feb-23,WOOD STAMP BHOLARI,,200,OFFICE EXPENSE
22-Feb-23,SITE BAKRA,,16000,OFFICE EXPENSE
14-Feb-23,BHOLARI PANAFLAKS,,1750,OFFICE EXPENSE
14-Feb-23,PLASTIC BHOLARTI LOGO STAMP,,400,OFFICE EXPENSE
14-Feb-23,AGREMENTDOCUMENTS COPY,,500,OFFICE EXPENSE
23-Feb-23,AGREEMENT  REHAN,,4000,OFFICE EXPENSE
6-Feb-23,SALARY BASHEER FEB ,,30000,SALARY
23-Feb-23,BIKEA RENT,,350,OFFICE EXPENSE
23-Feb-23,VISIT IRFAN BHAI,,3000,OFFICE EXPENSE
23-Feb-23,FILE COVER PRINTING GB,,500,OFFICE EXPENSE
23-Feb-23,MAP PRINTING,,300,OFFICE EXPENSE
23-Feb-23,"P.COPY, BOX FILES 2",,860,OFFICE EXPENSE
28-Feb-23,MAP PRINTING,,600,OFFICE EXPENSE
28-Feb-23,INVESTOR DINNER CAF KABAIL,,6100,OFFICE EXPENSE
28-Feb-23,DEPOSITE FOR CHEQUE DUBAI ISLAMIC,,10000,OFFICE EXPENSE
3-Mar-23,DEPOSITE IN BANK DUBAI ISLAMIC,,40000,OFFICE EXPENSE
15-Mar-23,ARSALAN BHATI INSPECTOR TOWN PLANNER,,5000,TOWN PLANNING
16-Mar-23,PEONS BELL WITH BATTERIES,,1250,OFFICE EXPENSE
16-Mar-23,VOICE OVER WITH FLASH VIDEO,,5500,OFFICE EXPENSE
16-Mar-23,DINNER CAFEE KABAIL,,5400,OFFICE EXPENSE
17-Mar-23,SHAFQAT PANAFLAKS/MAP/FUEL,,6000,OFFICE EXPENSE
17-Mar-23,JAMSHORO EVENT,,42000,OFFICE EXPENSE
18-Mar-23,SALARY BASHEER MAR,,30000,SALARY
19-Mar-23,BOOST FOR MARKETING BOP,,10000,OFFICE EXPENSE
4-Apr-23,SALARY BASHEER APRIL,,30000,SALARY
11-Apr-23,DEPOSITE FOR  CHQ BOOKIN BAHL,,10000,OTHERS
15-Apr-23,RECIPT ENVELOP & COPY MSTR MAP,,950,OFFICE EXPENSE
15-Apr-23,VOUCHER BOOK 2,,290,OFFICE EXPENSE
18-Apr-23,COM KAMRAN GUL R-5/49,,50000,COMMISSION
18-Apr-23,COM ZEHRA R-5/715,,45000,COMMISSION
29-Apr-23,NEW PRINTER FOR BHOLARI,,29300,OFFICE EXPENSE
29-Apr-23,RIM A4 PAPER 1,,1650,OFFICE EXPENSE
29-Apr-23,PAID TO HABIBULLAH,29327201,400000,LAND PAYMENT
29-Apr-23,PAID TO HABIBULLAH ,,600000,LAND PAYMENT
2-May-23,DIRECTOR TOWN ARSALAN PLANNER P.O 9454676,,600000,TOWN PLANNING
3-May-23,"VISIT HYD,CAR RENT,MEAL,TOLL TAX",,18750,OFFICE EXPENSE
3-May-23,TOWN PLANNER ARSALAN,,250000,TOWN PLANNING
10-May-23,COMISSION WAQAR RAIM/HUMA,,100000,COMMISSION
10-May-23,COMISSION TAHIR PARAS/MOHSIN,,90000,COMMISSION
10-May-23,COMISSION ZEHRA KHIZER R-4/713,,45000,COMMISSION
12-May-23,COM QURBAN BHAI  R-4/706 MUBARAK ,,145000,COMMISSION
13-May-23,DINNER,,3900,OFFICE EXPENSE
13-May-23,COM INST AGI PLOT WAQAS R-7/712,,20000,COMMISSION
14-May-23,MAP PRINTING FOR DEALER,,900,OFFICE EXPENSE
15-May-23,COMISSION  AGI IRFAN A-4/01,,40000,OFFICE EXPENSE
15-May-23,COMISSION AGI  IRFAN A-4/02,,40000,OFFICE EXPENSE
12-May-23,PERSONAL LAON( NASREEN )IRFAN BHAI,,60000,LOAN
12-May-23,ARSALAN BHATI INSPECTOR TOWN PLANNER,,200000,TOWN PLANNING
12-May-23,STATINARY ,,2100,OFFICE EXPENSE
18-May-23,SALARY BASHEER MAY ,,30000,SALARY
18-May-23,SITE TRACTOR CLEANING MACHINE,,50000,SITE DEVELOPMENT EXPENSE
18-May-23,LEGAL FILE ENVELOP,,1200,OFFICE EXPENSE
18-May-23,PAID TO HABIBULLAH,10828412,1000000,LAND PAYMENT
19-May-23,DINNER,,3500,OFFICE EXPENSE
22-May-23,VISIT GULSHAN E BHOLARI IRFAN BHAI,,10000,OFFICE EXPENSE
23-May-23,BHOLARI CLIENT MOHSIN/MUBEEN,,600,OFFICE EXPENSE
18-May-23,HABIBULLAH LUNCH & TEA,,1750,OFFICE EXPENSE
19-May-23,EASY PAISA RAIFQUE SHORO,,15000,OFFICE EXPENSE
24-May-23,COM ALARAB KUMAIL/BASIT ,,30000,COMMISSION
25-May-23,COM ADV  AGI COMISSION ,,10000,COMMISSION
12-Jan-23,GB SITE TOPO GRAPHY/SHOWER,,200000,SITE DEVELOPMENT EXPENSE
27-May-23,COMISION MUBARAK R-10/101,,90000,COMMISSION
30-May-23,SALARY 15 DAYS (TEHSEEN),,12500,SALARY
30-May-23,GB MAP PRINT,,1000,OFFICE EXPENSE
30-May-23,EASY PAISA AUTO RENT,,4760,OFFICE EXPENSE
30-May-23,"FILE ENVELOP 25 ,MAP BASKET",,1600,OFFICE EXPENSE
2-Jun-23,"CHAIR REPAIR,TISSUE,MARKER,WHITO,HIGLITER",,1420,OFFICE EXPENSE
29-May-23,ARSALAN BHATTI ONLINE  10061920570017,,400000,TOWN PLANNING
1-Jun-23,COM MUBARAK R-5/152,,145000,COMMISSION
3-Jun-23,KAMRAN DESIGNER FOR GB MAP,,100000,TOWN PLANNING
7-Jun-23,BILAL PRINT  FOR GB FILE BAGS,,42000,COMMISSION
5-Jun-22,HABIBULLAH LUNCH ,,9700,OFFICE EXPENSE
7-Jun-23,GB MAP PRINT,,1450,OFFICE EXPENSE
9-Jun-23,PAID FOR RE-WRITE DILBAR,29327208,1000000,TOWN PLANNING
6-Jun-23,COM AGI R-4/700/701/702/3/5,,475000,COMMISSION
10-Jun-23,COMISSION KAMRAN RAZA R-4/9,,45000,COMMISSION
10-Jun-23,PAID TO HABIBULLAH,10828414,1000000,LAND PAYMENT
10-Jun-23,"TAJDARBAR DINNER HABIB,HAMAD,RAFIQ",,21000,OFFICE EXPENSE
12-Jun-23,RIM A4 PAPER 1,,1650,OFFICE EXPENSE
12-Jun-23,KAMRAN GUL ADVANCE arif 2000,,11500,COMMISSION
18-Jun-23,VISIT HYDERABAD LUNCH ,,14500,OFFICE EXPENSE
26-Jun-23,COM  AGI A-177  R-411 ZEESHAN/HABIB ,,195000,COMMISSION
20-Jun-23,PANAFLAKS BHOLARI,,4500,OFFICE EXPENSE
21-Jun-23,HABIBULLAH  LUNCH ,,520,OFFICE EXPENSE
21-Jun-23,BROSHER RENT RAKSHA,,300,OFFICE EXPENSE
21-Jun-23,WATCH MAN BASHEER SALARY JUNE,,30000,SALARY
4-Jul-23,PRINTING BILAL SHAFQAT ONLINE,,10000,OFFICE EXPENSE
17-Jul-23,TRUCTOR SITE,,50000,SITE DEVELOPMENT EXPENSE
17-Jul-23,PAID TO HABIBULLAH ,10828415,1000000,LAND PAYMENT
19-Jul-23,COM AGI AZEEM/REHAN ,,190000,COMMISSION
19-Jul-23,PAID TO AGI FOR HYDERABAD EVENT,,230000,OFFICE EXPENSE
19-Jul-23,PAID FOR RE-WRITE DILBAR,10828416,500000,TOWN PLANNING
19-Jul-23,PAID FOR RE-WRITE DILBAR,CASH,500000,TOWN PLANNING
19-Jul-23,CARTAGE REPAIR.BATTERY TAPE,,5680,OFFICE EXPENSE
19-Jul-23,HYDERABAD AGI VISIT,,10000,OFFICE EXPENSE
19-Jul-23,KHURRAM RIDER  5000/AGI LUNCH,,2750,OFFICE EXPENSE
19-Jul-23,DINNER BHOLARI SHINWARI BQ,,6250,OFFICE EXPENSE
20-Jul-23,HABIBULLAH LUNCH ,,7500,OFFICE EXPENSE
20-Jul-23,WATCH MAN BASHEER SALARY JULY ,,40000,SALARY
2-Aug-23,PAID FOR RE-WRITE DILBAR ,CASH ,210000,TOWN PLANNING
2-Aug-23,PAID FOR RE-WRITE DILBAR,,790000,TOWN PLANNING
20-Jul-23,FUEL HABIBULLAH ,,10000,OFFICE EXPENSE
2-Aug-23,MCB CHARGES,,450,OFFICE EXPENSE
6-Aug-23,DINNER FOOD BREAK WITH AGI,,7000,OFFICE EXPENSE
7-Aug-23,COM AGI A/M/S Z/J/S/S 8 PLOTS,,670000,COMMISSION
7-Aug-23,PAID FOR RE-WRITE DILBAR ,2869203,400000,TOWN PLANNING
7-Aug-23,PAID FOR RE-WRITE DILBAR ,CASH,100000,TOWN PLANNING
7-Aug-23,PAID FOR RE-WRITE DILBAR,,500000,TOWN PLANNING
10-Aug-23,SALARY BASHEER AUGUST  ONLINE ,,50000,SALARY
15-Aug-23,PAID FOR RE-WRITE DILBAR,10828419,1000000,TOWN PLANNING
18-Aug-23,PAID FOR RE-WRITE DILBAR,10828420,1000000,TOWN PLANNING
28-Aug-23,PAID FOR RE-WRITE DILBAR ,,1000000,TOWN PLANNING
23-Aug-23,"DUSTBIN,TISSUE STATIONARY",,2450,OFFICE EXPENSE
23-Aug-23,HABIBULLAH LUNCH WITH AGI ,,2040,OFFICE EXPENSE
28-Aug-23,COM KHURRAM  TAZEN ZEHRA,,45000,COMMISSION
28-Aug-23,COM AGI FARAZ /ARBAZ ,,190000,COMMISSION
28-Aug-23,PAID TO HABIBULLAH ,CASH,1000000,LAND PAYMENT
28-Aug-23,FUEL HABIBULLAH ,,10000,OFFICE EXPENSE
29-Aug-23,TCS IRFAN BHAI/CHALLAN KHURRAM ,,1690,OFFICE EXPENSE
14-Sep-23,CARTAGE REFIL AIR FRESHNER,,1300,OFFICE EXPENSE
31-Aug-23,"MORTEIN spray, ,MEDICINE  RAZA",,2360,OFFICE EXPENSE
19-Sep-23,PAID FOR RE-WRITE DILBAR ,bahl 761/,1000000,TOWN PLANNING
28-Aug-23,COM AGI M.HASSAN /ZUBAIR ,,115000,COMMISSION
7-Sep-23,REFRESHMENT AGI & AYAZ,,650,OFFICE EXPENSE
15-Sep-23,"HAND SANITIZER ,USB 32 GB PINS",,2437,OFFICE EXPENSE
18-Sep-23,FUEL HABIBULLAH ,,20000,OFFICE EXPENSE
20-Sep-23,HABIBULLAH LUNCH & SWEET PARCEL ,,6520,OFFICE EXPENSE
20-Sep-23,SALARY BASHEER SEP,,40000,SALARY
21-Sep-23,FUEL HABIBULLAH ,,10000,OFFICE EXPENSE
30-Sep-23,"COM INST Alarab IMRAN,ASHRAF,ZUBAIR BOOKING",,60000,COMMISSION
5-Oct-23,PAID TO HABIBULLAH,10828762,700000,LAND PAYMENT
19-Sep-23,COM CASH  AGI SHABBIR ALI,,95000,COMMISSION
30-Sep-23,COM AGI ABDUL NAEEM,,95000,COMMISSION
10-Oct-23,PAID FOR RE-WRITE DILBAR ,10828763,1000000,TOWN PLANNING
10-Oct-23,PAID FOR RE-WRITE DILBAR ,10828764,1000000,TOWN PLANNING
9-Oct-23,SALARY BASHEER WATCHMAN ,,40000,SALARY
9-Oct-23,FUEL HABIBULLAH ,,10000,OFFICE EXPENSE
9-Oct-23,ALLAH DINO TRUCTOR,,30000,SITE DEVELOPMENT EXPENSE
13-Oct-23,PAID TO HABIBULLAH,10828766,1000000,LAND PAYMENT
13-Oct-23,PAID TO HABIBULLAH ,10828767,1000000,LAND PAYMENT
13-Oct-23,PAID TO HABIBULLAH ,CASH,100000,LAND PAYMENT
18-Oct-23,DILBAR REGISTRY 1,10828768,500000,TOWN PLANNING
26-Oct-23,INVESTMENT KAMRAN GUL ,,250000,LOAN
8-Nov-23,A4 PAPERS RIM 1,,1250,OFFICE EXPENSE
21-Nov-23,SAQIB ESAY PAISA  NASREEN ,,30000,OFFICE EXPENSE
20-Nov-23,SALARY BASHEER WATCHMAN ,,40000,SALARY
20-Nov-23,FUEL HABIBULLAH ,,10000,OFFICE EXPENSE
1-Dec-24,COM INST WAHAB BADI UL HAQ 2 POLT B,,28000,COMMISSION
1-Dec-23,COM M.SADIQ SQ FULL CASH,,36000,COMMISSION
20-Nov-23,COM INST ALARAB ADV NADEEM BOOKING,,20000,COMMISSION
4-Dec-23,PAID TO HABIBULLAH,10828771,1000000,OFFICE EXPENSE
4-Dec-23,PAID TO HABIBULLAH ,CASH,100000,OFFICE EXPENSE
19-Dec-23,REFRESHMENT SAQIB HYDERABAD,,500,OFFICE EXPENSE
16-Dec-23,FILE ENVELOP FOR TCS,,1000,OFFICE EXPENSE
16-Dec-23,SHAFQAT DESIGNER,,5000,OFFICE EXPENSE
7-Dec-23,SHEHNAZ ANTY MONTH OF DEC,,10000,OFFICE EXPENSE
7-Dec-23,SHEIKH AMEEN MONTH OF DEC,,20000,OFFICE EXPENSE
23-Nov-23,COM INST ADV  MUBARAK(NAYARNAEEM),,5000,COMMISSION
4-Jan-24,PAID TO HABIBULLAH ,10828773,1000000,LAND PAYMENT
4-Jan-24,PAID TO HABIBULLAH ,CASH ,100000,LAND PAYMENT
25-Dec-23,SALARY BASHEER WATCHMAN ,,40000,SALARY
8-Jan-24,DILBAR REGISTRY 2,10828774,500000,TOWN PLANNING
10-Jan-24,DILBAR REGISTRY  3,10828777,500000,TOWN PLANNING
10-Jan-24,ADV COM REHAN/IRFAN/YS,,300000,COMMISSION
6-Nov-23,DEPOSIT IN AC BAHL,,800000,OTHERS
27-Dec-23,COM AGI  RAFIQ,,190000,COMMISSION
15-Jan-24,COM AGI REHAN SABIR,,50000,COMMISSION
20-Nov-23,INVESTMENT KAMRAN GUL ,,250000,LOAN
6-Jan-24,COM CASH AGI ABDUL NAEEM ,,95000,COMMISSION
6-Jan-24,COM AGI -224-225-226-227-228-234 7 plots ,,400000,COMMISSION
6-Jan-24,COM AGI SANTOSH /RAFIQUE ,,145000,COMMISSION
10-Jan-24,SHEHNAZ ANTY MONTH OF JAN,,10000,COMMISSION
10-Jan-24,NASREEN MONTH OF JAN,,10000,COMMISSION
10-Jan-24,SHEIKH AMEEN MONTH OF JAN,,20000,COMMISSION
10-Jan-24,COM AGI ANWAR PEWAIZ,,450000,COMMISSION
10-Jan-24,NEW OFFICE ADV &RENT FEB  2024,,327500,OFFICE EXPENSE
8-Jan-24,DINNER BHOLARI MANDI HOUSE ,,8500,COMMISSION
8-Jan-24,MAP PRINT,,900,OFFICE EXPENSE
2-Jan-24,FOOD BREAK ASIM  DINNER ,,4000,OFFICE EXPENSE
14-Jan-24,SITE VISIT IRFAN /RASHID BHAI,,10000,OFFICE EXPENSE
15-Jan-24,ASIA AND ASIM LUNCH FOOD BREAK ,,1500,OFFICE EXPENSE
15-Jan-24,MAP PRINT,,3000,OFFICE EXPENSE
25-Dec-24,DINNER,,3500,OFFICE EXPENSE
25-Dec-24,HABIBULLAH LUNCH HYDERABAD ,,890,OFFICE EXPENSE
25-Dec-24,PANAFLAKS AUTO RENT,,280,OFFICE EXPENSE
25-Dec-24,REFIL CARTAGE PRINTER,,1250,OFFICE EXPENSE
28-Dec-24,MAP PRINT,,300,OFFICE EXPENSE
28-Dec-24,COLOUR MAP PRINT,,400,OFFICE EXPENSE
28-Dec-24,DEALER VISIT ZAIN/ ARIF,,10000,OFFICE EXPENSE
5-Jan-24,HABIBULLAH LUNCH ,,1400,OFFICE EXPENSE
5-Jan-24,REHAN MUSARRAT,,5000,CHARITY
26-Jan-24,KAMRAN DESIGNER FOR GB MAP ART SIGNATURE,,20000,TOWN PLANNING
19-Jan-24,A4 PAPER RIM 3,,3000,OFFICE EXPENSE
19-Jan-24,SAQIB OMESH COM  ONLINE NBP ,,20000,COMMISSION
14-Jan-24,BASHEER SALARY M/O JAN 2024,,40000,SALARY
14-Jan-24,VISIT BHOLARI  REHAN IRFAN,,10000,OFFICE EXPENSE
24-Jan-24,PAID TO HABIBULLAH ,10828779,500000,LAND PAYMENT
7-Feb-24,PAID TO HABIBULLAH ,10828783,500000,LAND PAYMENT
27-Jan-24,ZAHEER UN OFFICIAL,10828780,200000,TOWN PLANNING
30-Jan-24,IRFAN BHAI PETROL BIKE RAZA ,,1000,OFFICE EXPENSE
31-Jan-24,REGISTER AND CRAP PAPER SHEET,,770,OFFICE EXPENSE
31-Jan-24,KASHIF COMISSION OF  NEW OFFICE ,,77500,OFFICE EXPENSE
2-Jan-24,KAMRAN DESIGER ONLINE FBL,26405,50000,TOWN PLANNING
2-Feb-24,DILBAR DASTI SURAT  E HAAL,10828781,200000,TOWN PLANNING
2-Feb-24,ADV COM REHAN/IRFAN/YS,10828781,300000,COMMISSION
15-Feb-24,SALARY ZEHRA M/O JAN 2024,,40000,SALARY
2-Feb-24,HABIBULLAH LUNCH HYDERABAD & TEA,,1700,COMMISSION
14-Feb-24,MANSOOR EASY PAISA,,30000,OFFICE EXPENSE
14-Feb-24,NEW OFS FAN LIGHTS AND LABOUR,,66000,OFFICE EXPENSE
14-Feb-24,"CUP,DUSTBIN,SPOON,SOAP,RAK,RUG,GLASS,",,5000,OFFICE EXPENSE
14-Feb-24,"DISH WASH TRY,SPOON STANDKHOTTI,BALTI,MUG",,5000,OFFICE EXPENSE
14-Feb-24,SHEHNAZ ZAIDI ONLINE M/0 FEB,,10000,COMMISSION
14-Feb-24,NASREEN HASSAN  M/0 FEB,,10000,COMMISSION
14-Feb-24,SHEIKH AMEEN ONLINE M/O FEB ,,20000,COMMISSION
14-Feb-24,DECORATION PCS AND FRAME,,4500,OFFICE EXPENSE
15-Feb-24,PTCL CONNECTION CHARGES ,,5070,OFFICE EXPENSE
15-Feb-24,LOCK 6 SHOWER PIPE AND SOAP,,2500,OFFICE EXPENSE
15-Feb-24, SALARY BASHEER WATCHMAN M/O FEB 2024,,40000,SALARY
15-Feb-24,NEW OFS  WALL PAPER,10828782,111000,OFFICE EXPENSE
15-Feb-24,NEW OFS TOPRA PLAZA EVENT,,55920,OFFICE EXPENSE
15-Feb-24,NEW OFS FURNITURE WITH RENT ,,401200,OFFICE EXPENSE
15-Feb-24,COM  INT KAMRAN NAZ/JAW BOOKING ,,32000,COMMISSION
25-Feb-24,DINNER AL HARMAIN RESTURANT ,,6400,OFFICE EXPENSE
20-Feb-24,M.ALEEM REFUNF FILE ,,20000,REFUND
21-Feb-24,"WASHROOM MIRROR ,COOLAR",,3200,OFFICE EXPENSE
21-Feb-24,ELECTRIC EXTENTION BOARD CLOCK CELL 4,,570,OFFICE EXPENSE
21-Feb-24,PTCL CONNECTION CHARGES ,,700,OFFICE EXPENSE
21-Feb-24,"CAMOTE  COVER ,FINAIL,WATER 3 BOTTLE",,2250,OFFICE EXPENSE
27-Feb-24,DOOR LOCK DUPLICTE KES 3 SUGER,,500,OFFICE EXPENSE
28-Feb-24,OFFICE TABLE GLASS 3,,19500,OFFICE EXPENSE
21-Feb-24,PAID TO HABIBULLAH ,10828785,500000,LAND PAYMENT
21-Feb-24,"MUSLIM SHOWER, COPEX POWDER, LUNCH ,TEA",,2530,OFFICE EXPENSE
21-Feb-24,ARSALAN BHATTI ONLINE CHRGES,,100625,TOWN PLANNING
23-Feb-24,LETTER HEAD PRINT,,18000,OFFICE EXPENSE
29-Feb-24,PROMTI STANDY PRINT  FOR TPA,,13000,OFFICE EXPENSE
1-Mar-24,EVERY DAY MILK TAPAL FAMILY GREN TEA,,3500,OFFICE EXPENSE
2-Mar-24,OFFICE PEN  AND SLEEPER IRFAN BHAI,,670,OFFICE EXPENSE
4-Mar-24,COM INST KAMRAN  MUNEER SHEHZAD,,5000,COMMISSION
4-Mar-24,OFFICE CLEANING FEB 2024,,2450,OFFICE EXPENSE
4-Mar-24,PAID TO HABIBULLAH ,10828787,500000,LAND PAYMENT
4-Mar-24,PAID TO ARSALAN BHATTI ,,1400000,TOWN PLANNING
5-Mar-24,ARSALAN REGISTROR,,50000,TOWN PLANNING
6-Mar-24,STAITIONARY FOLDER,,3756,OFFICE EXPENSE
7-Mar-24,"MAINTANOUS FEB, MARCH",,3000,OFFICE EXPENSE
7-Mar-24,SALARY RAZA M/O FEB 2024,,25000,SALARY
7-Mar-24,SALARY ZEHRA M/O FEB  2024,,40000,SALARY
7-Mar-24, SALARY BASHEER WATCHMAN MAR ,,40450,SALARY
8-Mar-24,PLUMBER LABOUR WATER BOTTLE,,250,OFFICE EXPENSE
9-Mar-24,HABIBULLAH ARSALAN HYD LUNCH,,3100,OFFICE EXPENSE
9-Mar-24,HABIBULLAH SALEDEED,,40000,LAND PAYMENT
9-Mar-24,RAZA LUNCH ,,600,OFFICE EXPENSE
12-Mar-24, SHEIKH AMEEN M/O MARCH,,20000,COMMISSION
12-Mar-24,SHEHNAZ ZAIDI M/O MARCH,,10000,COMMISSION
12-Mar-24,NASREEN HASSAN M/O MARCH,,10000,COMMISSION
21-Mar-24,TCS OFFICE POST OFFICE,,700,OFFICE EXPENSE
21-Mar-24,AFTARI AGI/REHAN/IRFAN,,7000,OFFICE EXPENSE
21-Mar-24,K-ELCTRIC/WATER GAS BILL FEB,,7450,OFFICE EXPENSE
21-Mar-24,OFFICE RENT M/O MARCH,,77500,OFFICE EXPENSE
21-Mar-24,OFFICE RENT AGREEMENT,,700,OFFICE EXPENSE
26-Mar-24,GB BHOOST,,30000,OFFICE EXPENSE
29-Mar-24,TCS POST OFFICE,,780,OFFICE EXPENSE
2-Apr-24,MAINTANOUS  M/O APRIL ,,1500,OFFICE EXPENSE
20-Mar-24, COM AGI AMAN KHAN ,,95000,COMMISSION
3-Apr-24,BHOLARI NEW STAMP LOGO,,1000,OFFICE EXPENSE
3-Apr-24,OFFICE CLEANING MAR 2024,,4500,OFFICE EXPENSE
3-Apr-24,SIT VISIT CRNL HAMMAD,,5000,OFFICE EXPENSE
8-Apr-24,ADV COM REHAN/IRFAN ,10828791,200000,COMMISSION
24-Apr-24,SALARY BASHEER WATCHMAN M/O APRIL ,,40000,SALARY
6-Apr-24,COM INST KAM GUL NZAKAT  ALL,,16000,COMMISSION
15-04-2024,SHEHNAZ ZAIDI  M/0 APRIL,,10000,COMMISSION
15-04-2024,NASREEN HASSAN M/O APRIL,,10000,COMMISSION
15-04-2024,SALARY ZEHRA M/O MAR 2024,,40000,SALARY
15-04-2024,SALARY RAZA M/O MAR 2024,,25000,SALARY
20-04-2024,SALARY SHAFQAT M/O MAR 2024,,9500,SALARY
24-04-2024,K-E BILL IRFAN BHAI,,2080,OFFICE EXPENSE
24-04-2024,COM INST  TPA ,,205884,COMMISSION
18-04-2024,STICKER PRINT / TCS ,,1020,OFFICE EXPENSE
24-04-2024,HABIBULLAH FOR BAKRA SITE ,,23450,OFFICE EXPENSE
24-04-2024,COM INST ALARAB NAD .B/ASHR/ZUBA  ALL,,60000,COMMISSION
24-04-2024,NEW A/C KANWOOD ,,70000,OFFICE EXPENSE
24-04-2024,K-ELCTRIC BILL /WATER GAS BILL MAR,,5968,OFFICE EXPENSE
24-04-2024,COM INST AL ARAB NADEEM ALLOC,,20000,COMMISSION
22-04-2024,COM  INST R.AHMED FARRUKH ,,15000,COMMISSION
27-Apr-24,PTCL BILL M/O APRIL,,2920,OFFICE EXPENSE
29-Apr-24,LUNCH OFS FEB/MAR/APRIL ,,17705,OFFICE EXPENSE
29-Apr-24,NEW OFSPLASTIC CURTAIN & LABOUR,,12500,OFFICE EXPENSE
29-Apr-24,OFFICE RENT M/O APRIL 2024,,77500,OFFICE EXPENSE
29-Apr-24,NEW OFFICE WINDOW BLNDS ,,40000,OFFICE EXPENSE
5-May-24,SALARY ZEHRA M/O APRIL,,40000,SALARY
5-May-24,SALARY RAZA M/O APRIL,,25000,SALARY
5-May-24,SALARY ABIRA M/O APRIL,,30000,SALARY
5-May-24,SHEHNAZ ZAIDI M/O MAY 2024,,10000,COMMISSION
5-May-24,SHEIKH AMEEN M/O APRIL/MAY,,40000,COMMISSION
5-May-24,OFFICE RENT M/O MAY 2024,,77500,COMMISSION
10-May-24,PAID TO HABIBULLAH,10828792,200000,LAND PAYMENT
10-May-24,PAID TO HABIBULLAH,,730000,LAND PAYMENT
10-May-24,MAINTANOUS M/O MAY 2024,,1500,OFFICE EXPENSE
10-May-24,WILADAT METHAI ,,2100,OFFICE EXPENSE
10-May-24,OFFICE CLEANING M/O APRIL 2024,,4500,OFFICE EXPENSE
10-May-24,TCS ,,270,OFFICE EXPENSE
10-May-24,VISIT AGI KOTRI NEW OFFICE ,,8500,OFFICE EXPENSE
10-May-24,NEW KEYBOARD FOR SHAFQAT ,,600,OFFICE EXPENSE
10-May-24,NEW OFS CARPAINTER FOR SMALL CABNET,,7500,OFFICE EXPENSE
10-May-24,TCS ,,650,OFFICE EXPENSE
10-May-24,NEW OFS CARPAINTER FOR WOOD CUPBOARD,,18000,OFFICE EXPENSE
10-May-24,AGREEMENT ,,10000,OFFICE EXPENSE
11-May-24,NEW OFS DECORATION PIECE,,2000,OFFICE EXPENSE
13-May-24,SOFTY REHAN ,,700,OFFICE EXPENSE
13-May-24,NEW  OFS AIR CONDTIONER HAIER,,60000,OFFICE EXPENSE
13-May-24,SALARY BASHEER WATCHMAN M/O MAY,,40000,SALARY
13-May-24,CELL CABNET LABOUR KEEL,,500,OFFICE EXPENSE
16-May-24,COM CASH AGI R-4/229,,60000,COMMISSION
17-May-24,FOOD BREAK LUNCH SAQIB,,2148,OFFICE EXPENSE
18-May-24,PANI ADVANCE /5 BOTTLES,,1500,OFFICE EXPENSE
18-May-24,BILAL PRINTING L/H  A4/ENVLOP,,50000,OFFICE EXPENSE
20-May-24,IMAM RAZA WILADAT METHAI,,1200,OFFICE EXPENSE
20-May-24,ELECTRIC SWITCH CHANGE ,,700,OFFICE EXPENSE
21-May-24,SALARY SHAFQAT APRIL ,,9500,SALARY
21-May-24,FARHAN REGI. SHINE STAR BUILDERS,,40000,OFFICE EXPENSE
21-May-24,PTCL BILL M/O MAY 2024,,2820,OFFICE EXPENSE
24-May-24,CARPAINTER /STATIONARY / TCS ,,590,OFFICE EXPENSE
24-May-24,MAP PRINT ,,600,OFFICE EXPENSE
25-May-24,DAILY OFFICE LUNCH M/O MAY ,,15950,OFFICE EXPENSE
25-May-24,COM REHAN FULL CASH FILES 3,,60000,COMMISSION
25-May-24,FLOWERS & REFRESHMENT COL HAMMAD,,1900,OFFICE EXPENSE
27-May-24,K-ELCTRIC/WATER GAS BILL APR,,19000,OFFICE EXPENSE
27-May-24,RAFIQUE EASY PAISA,,20000,OFFICE EXPENSE
27-May-24,WATER BOTTLE & ICE,,750,OFFICE EXPENSE
27-May-24,CARTAGE REPAIR/ tcs ,,1520,OFFICE EXPENSE
30-May-24,BILAL PRINTING  SCHEDUOLE/ FORM ,,18000,OFFICE EXPENSE
30-May-24,LIGHT REPAIR ,,500,OFFICE EXPENSE
1-Jun-24,REFRESHMENT IRF/GUEST ,,960,OFFICE EXPENSE
1-Jun-24,POST OFFICE FILE 3 ,,370,OFFICE EXPENSE
1-Jun-24,HABIBULLAH REFRESHMENT ,,1450,OFFICE EXPENSE
1-Jun-24,MAINTANOUS OFFICE M/O JUNE,,1500,OFFICE EXPENSE
1-Jun-24,FUEL HABIBULLAH ,,10000,OFFICE EXPENSE
4-Jun-24,INVESTMENT RETURN RAFIQUE,,800000,INVESTMENT RETURN
4-Jun-24,ARIF MEHDI FOR PRINTING ,,200000,OFFICE EXPENSE
4-Jun-02,ICE & WATER BOTTLE,,600,OFFICE EXPENSE
5-Jun-24,A4 PAPER RIM 1 WHITO ,,1350,OFFICE EXPENSE
6-Jun-24,PARTNERS LUNCH ,,2870,OFFICE EXPENSE
6-Jun-24,SALARY RAZA M/O MAY 2024,,25000,SALARY
6-Jun-24,SALARY ZEHRA M/O MAY2024,,40000,SALARY
6-Jun-24,SALARY ABIRA M/O MAY 2024,,30000,SALARY
10-Jun-24,PARTNERS LUNCH ,,4290,OFFICE EXPENSE
11-Jun-24,OFFICE CLEANING & DUSTING MAY 2024,,4500,OFFICE EXPENSE
11-Jun-24,MILK PACK ICE ,,300,OFFICE EXPENSE
12-Jun-24,SHAN PANAFLAKE EASY PAISA,,10300,OFFICE EXPENSE
12-Jun-24,"RAZA MEDICINE SUGAR, MILK ",,2250,OFFICE EXPENSE
12-Jun-24,COM INST ISSION WAQAR INSTALL,,40000,COMMISSION
12-Jun-24,MILK PACK ICE ,,160,OFFICE EXPENSE
14-Jun-24,COM REHAN ADVANCE,,110000,COMMISSION
14-Jun-24,COM IRFAN ADVANCE ,,110000,COMMISSION
14-Jun-24,COM INST SAMAD ,,6650,COMMISSION
20-Jun-24,SALARY  SHAFQAT M/0 MAY,,11000,SALARY
20-Jun-24,"TEA BAGS 25, MILK PACK",,1000,OFFICE EXPENSE
20-Jun-24,SOAP ICE  WATER BOTTLE,,400,OFFICE EXPENSE
20-Jun-24,EID E GHADEER LUNCH/ METHAI,,3500,OFFICE EXPENSE
25-Jun-24,OFFICE RENT M/O JUN 2024,,77500,OFFICE EXPENSE
26-Jun-24,PTCL BILL M/O JUNE 2024,,3600,OFFICE EXPENSE
26-Jun-24,SHEHNAZ ANTY M/O JUN 2024,,5000,COMMISSION
26-Jun-24,K E BILL MONTH OF MAY,,46140,OFFICE EXPENSE
26-Jun-24,ICE & WATER BOTTLE,,700,OFFICE EXPENSE
27-Jun-24,COMPUTER DISK REPARING  ZEHRA ,,6000,OFFICE EXPENSE
5-May-24,TOKEN NO. 327 NOOR KHALIQ,,,50000
25-Jun-24,EIDI STAFF,,10000,OFFICE EXPENSE
29-Jun-24,TEABAGS ,,660,OFFICE EXPENSE
30-Jun-24,DAILY OFFICE LUNCH M/O JUN,,8590,OFFICE EXPENSE
1-Jul-24,METHAI ,,800,OFFICE EXPENSE
2-Jul-24,CAR INSTALLMENT M/O JUN 2024,,47000,LOAN
2-Jul-24,OFFICE CLEANIN M/O JUN 2024,,4500,OFFICE EXPENSE
2-Jul-24,MAINTANOUS M/O JULY,,1500,OFFICE EXPENSE
2-Jul-24,NEW MOTOR BUILDING ,,1000,OFFICE EXPENSE
3-Jul-24,COM SAMAD  FULL CASH FILE ,,24825,COMMISSION
3-Jul-24,TISSUE BOXES A4 RIM 1,,1640,OFFICE EXPENSE
4-Jul-24,COL HAMAD SITE VISIT ,,5000,OFFICE EXPENSE
4-Jul-24,COM INST ZEHRA   ,,99025,OFFICE EXPENSE
4-Jul-24,ABIRA MEDICAL ALLOUNCE ,,15000,CHARITY
4-Jul-24,SALARY ABIRA M/O JUN,,30000,SALARY
4-Jul-24,SALARY ZEHRA M/O JUN,,40000,SALARY
4-Jul-24,SALARY RAZA M/O  JUN 2024,,25000,SALARY
4-Jul-24,EID ALLOUNCE DISTRIBUTION ,,10000,OFFICE EXPENSE
4-Jul-24,ADV COM INST REHAN/IRFAN,,200000,COMMISSION
4-Jul-24,OFFICE STATIONARY ,,1550,OFFICE EXPENSE
9-Jul-24,SALARY BASHEER  M/O JUN/JUL,,80000,SALARY
9-Jul-24,SHEHNAZ ANTY M/O JUL 2024,,5000,COMMISSION
9-Jul-24,SHEIKH AMEEN M/O JUN/JUL ,,40000,COMMISSION
9-Jul-24,REFRESHMENT ,,660,OFFICE EXPENSE
20-May-24,PAID TO HABIBULLAH ,10828790,1000000,LAND PAYMENT
10-Jun-24,PAID TO HABIBULLAH,10828788,1000000,LAND PAYMENT
12-Jul-24,PAID TO HABIBULLAH,10828789,1000000,LAND PAYMENT
13-Jul-24,SHAFQAT STAMP ,,2000,OFFICE EXPENSE
13-Jul-24,WATER BOTTLE & ICE,,500,OFFICE EXPENSE
15-Jul-24,STAMP PAPER,,1500,OFFICE EXPENSE
19-Jul-24,PTCL BILL M/O JUL 2024,,3900,OFFICE EXPENSE
19-Jul-24,HABIBULLAH LUNCH & TEA,,1180,OFFICE EXPENSE
21-Jun-24,ARIF INVESTMENT RETURN ,10828799,216000,INVESTMENT RETURN
22-Jul-24,OFFICE RENT M/O JULY ,,77500,OFFICE EXPENSE
20-Jul-24,SALARY SHAFQAT M/O JUN,,9000,SALARY
23-Jul-24,HABIBULLAH LUNCH & TEA,,2870,OFFICE EXPENSE
23-Jul-24,"TEA BAGS GREEN TEAR ,MILK ",,2360,OFFICE EXPENSE
23-Jul-24,COM INST SAMAD ,,12000,COMMISSION
26-Jul-24,PAID TO ARSALAN BHATTI TOWN PLANNER ,10828824,1500000,TOWN PLANNING
26-Jul-24,GARBAGE BAGS WATER / ICE ,,1050,OFFICE EXPENSE
26-Jul-24,K-ELECTRIC BILL MONTH OF JUN ,,42367,OFFICE EXPENSE
30-Jul-24,PAID TO ARSALAN BHATTI ,,5000,TOWN PLANNING
4-Jul-24,PAID TO ARSALAN BHATTI 4 SALEDEED,,500000,TOWN PLANNING
3-Jul-24,PAID TO ARSALAN BHATTI,,1000000,TOWN PLANNING
30-Jul-24,DAILY OFFICE LUNCH M/O JULY  ,,8260,OFFICE EXPENSE
1-Aug-24,ARIF INVESTMENT RETURN ,10828801,216000,INVESTMENT RETURN
3-Aug-24,CAR INSTALLMENT M/O JULY 2024,,47000,LOAN
5-Aug-24,CARTAGE REPAIR WATER BOTTLE ,,900,OFFICE EXPENSE
7-Aug-24,HYDERABAD CLIENT LUNCH ,,900,OFFICE EXPENSE
7-Aug-24,OFFICE CLEANING JULY 2024,,4500,OFFICE EXPENSE
7-Aug-24,PAID TO ARSALAN UN OFFICIAL ,,400000,TOWN PLANNING
7-Aug-24,MAINTANOUS OFFICE M/O AUG ,,1500,OFFICE EXPENSE
6-Aug-24,HABIBULLAH LUNCH & TEA,,950,OFFICE EXPENSE
8-Aug-24,SALARY ZEHRA M/O JULY,,40000,SALARY
8-Aug-24,SALARY RAZA M/O JULY,,25000,SALARY
8-Aug-24,SALARY ABIRA M/O JULY ,,30000,SALARY
9-Aug-24,SOAP TISSUE /WATER /ICE ,,800,OFFICE EXPENSE
09-AUG-,PAID TO HABIBULLAH  (RAFIQ),,500000,LAND PAYMENT
9-Aug-24,COM ZAMEEN ON CASH FILE ,,5000000,COMMISSION
9-Aug-24,COM SQ ON 10 CASH FILE ,,250000,COMMISSION
12-Aug-24,"TEA BAGS , MILK , ",,1110,OFFICE EXPENSE
12-Aug-24,SHEHNAZ ZAID M/O AUG 2024,,5000,OFFICE EXPENSE
15-Aug-24,FARHAN REGI. SHINE STAR BUILDERS,,25000,OFFICE EXPENSE
17-Aug-24,SALARY SALMAN DESIGNER,,2000,SALARY
17-Aug-24,ICE / PHOTO COPY ,,850,OFFICE EXPENSE
19-Aug-24,K-ELECTRIC BILL MONTH OF JULY 2024,,30850,OFFICE EXPENSE
19-Aug-24,PTCL BILL M/O AUG,,3960,OFFICE EXPENSE
19-Aug-24,COM INST REHAN AHMED ,,15920,COMMISSION
20-Aug-24,WATER BOTTLE & ICE,,200,OFFICE EXPENSE
20-Aug-24,OFFICE RENT M/O AUG 2024,,77500,OFFICE EXPENSE
20-Aug-24,SALARY SHAFQAT M/O AUG 2024,,8000,SALARY
22-Aug-24,CAR INSTALLMENT M/O AUG 2024,,47000,LOAN
30-Aug-24,TEA BAGS 3 PACK ,,624,OFFICE EXPENSE
30-Aug-24,SHEIKH AMEEN M/O AUG 2024,,20000,COMMISSION
30-Aug-24,LUNCH M/O AUG,,6250,OFFICE EXPENSE
29-Aug-24,COM INST ALARAB IMRAN CONFIRM,,20000,COMMISSION
30-Aug-24,GIFT FROM KARBALA ,,4000,OFFICE EXPENSE
3-Sep-24,COM INST WAHAB BADI-ALLOCATION,,28000,COMMISSION
3-Sep-24,COM INST ABBAS DHA WAJAHAT BOOKING,,15000,COMMISSION
4-Sep-24,SALARY ZEHRA M/O AUG 2024,,40000,SALARY
4-Sep-24,SALARY ABIRA M/O AUG 2024,,30000,SALARY
4-Sep-24,SALARY RAZA M/O AUG 2024,,25000,SALARY
4-Sep-24,OFFICE CLEANING M/O AUG ,,4500,OFFICE EXPENSE
7-Sep-24,MAINTANOUS OFFICE ,,1500,OFFICE EXPENSE
7-Sep-24,"TEA BAGS ,SUGAR ",,365,OFFICE EXPENSE
8-Sep-24,OFFICE RENT M/O SEP 2024,,77500,OFFICE EXPENSE
6-Sep-24,PAID TO ARSALAN UN LAY OUT ,,500000,OFFICE EXPENSE
10-Sep-24,WATER ICE  CIGARETTE,,450,OFFICE EXPENSE
10-Sep-24,FRAME MAP PRINTING,,1320,OFFICE EXPENSE
10-Sep-24,HABIBULLAH PETROL,,20000,OFFICE EXPENSE
12-Sep-24,COM INST SQ NASIR ALI 120000,,32500,COMMISSION
12-Sep-24,COM INST ZAMEEN SQ FILE ,,27132,COMMISSION
12-Sep-24,TCS BILL ,,4085,OFFICE EXPENSE
14-Sep-24,A4 RIM AND FRAME ,,3000,OFFICE EXPENSE
14-Sep-24,BATHROOM BRUSH FINAIL BOTTLE/ ICE ,,650,OFFICE EXPENSE
16-Sep-24,PAID TO HABIBULLAH (RAFIQ),,500000,LAND PAYMENT
14-Sep-24,HABIBULLAH PETROL,,10000,OFFICE EXPENSE
14-Sep-24,SHEHNAZ ZAIDI M/O SEP,,5000,COMMISSION
18-Sep-24,HYDERABAD CLIENT LUNCH ,,1350,OFFICE EXPENSE
18-Sep-24,SHEIKH AMEEN M/O SEP ,,20000,COMMISSION
20-Sep-24,K-ELECTRIC BILL MONTH OF SEP 2024,,18437,OFFICE EXPENSE
20-Sep-24,PTCL BILL M/O SEP,,4070,OFFICE EXPENSE
20-Sep-24,TEA BAGS /MILK,,840,OFFICE EXPENSE
20-Sep-24,ADNAN SIGN BOARD ,,22050,SITE DEVELOPMENT EXPENSE
21-Sep-24,ISMAIL FOR BOUNDRY WALL SITE OFFICE ,,300000,SITE DEVELOPMENT EXPENSE
21-Sep-24,VISIT BHOLARI SITE FOR WORK,,8100,OFFICE EXPENSE
25-Sep-24,ARIF INVESTMENT RETURN ,,216000,INVESTMENT RETURN
21-Sep-24,MEDICINE GUEST LUNCH BOTTLE ICE ,,1750,OFFICE EXPENSE
26-Sep-24,"TEA BAGS / SUGAR , ICE / BOTTLE ",,1258,OFFICE EXPENSE
27-Sep-24,SALARY BASHEER M/O AUG/ SEP,,80000,SALARY
27-Sep-24,BAKRA FOR SITE WORD STARTING,,28000,OFFICE EXPENSE
30-Sep-24,COM INST ALARAB ASHRAF  ADV ,,25000,COMMISSION
30-Sep-24,IRFAN BHAI ACCOUNT  SITE VISIT ,,20000,OFFICE EXPENSE
30-Sep-24,LUNCH M/O SEP 2024,,9000,OFFICE EXPENSE
2-Oct-24,ISMAIL FOR BOUNDARY WALL SITE OFFICE ,,300000,SITE DEVELOPMENT EXPENSE
8-Oct-24,CAR INSTALLMENT M/O SEP 2024,,47000,LOAN
8-Oct-24,SALARY ZEHRA M/O SEP 2024,,40000,SALARY
8-Oct-24,SALARY ABIRA M/O SEP 2024,,30000,SALARY
8-Oct-24,SALARY RAZA M/O SEP 2024,,25000,SALARY
8-Oct-24,OFFICE CLEANING M/O SEP 2024,,4500,OFFICE EXPENSE
8-Oct-24,MAINTANOUS OFFICE M/O OCT,,1500,OFFICE EXPENSE
8-Oct-24,SALARY ALI M/O SEP 6 DAYS ,,6000,SALARY
8-Oct-24,COM INST MARKETING DEALER ADV ,,50000,COMMISSION
8-Oct-24,ISMAIL SITE ,,20000,SITE DEVELOPMENT EXPENSE
9-Oct-24,PAID TO HABIBULLAH ,,50000,LAND PAYMENT
10-Oct-24,PTCL WIRE FOR  PHONE ,,500,OFFICE EXPENSE
10-Oct-24,PTCL BILL M/ O SEP 2024,,3880,OFFICE EXPENSE
9-Oct-24,MILK /TEA SOAP ,,1627,OFFICE EXPENSE
10-Oct-24,TCS  WATER  BOTTLE ,,750,OFFICE EXPENSE
11-Oct-24,AIR FRESHNER/ TISSUE /TAPE,,1624,OFFICE EXPENSE
12-Oct-24,OFFICE LED LIGHT & FITTING ,,2200,OFFICE EXPENSE
12-Oct-24,METHAI FOR WILADAT DAY ,,2000,OFFICE EXPENSE
15-Oct-24,ICE & WATER BOTTLE ,,800,OFFICE EXPENSE
15-Oct-24,COM INST AGI MAR-OCT ,,417620,COMMISSION
15-Oct-24,ASIM ADV AGI,,3000,COMMISSION
15-Oct-24,COM INST DEALER 6 PLOTS ,,116864,COMMISSION
16-Oct-24,MINI MIC FOR RECORDING VIDEO,,3000,OFFICE EXPENSE
18-Oct-24,METAHI /TEA GUEST,,900,OFFICE EXPENSE
19-Oct-24,SALARY SHAFQAT M/O SEP,,7500,SALARY
21-Oct-24,HABIBULLAH LUNCH AND PARCEL,,6620,OFFICE EXPENSE
22-Oct-24,OFFICE RENT M/O OCT 2024,,77500,OFFICE EXPENSE
22-Oct-24,COM MARKETING  DEALER ADVANCE,,50000,COMMISSION
22-Oct-24,SALARY BASHEER M/O OCT 2024,,60000,SALARY
22-Oct-24,LUNCH 4 5 PERSONS GUEST,,1350,OFFICE EXPENSE
22-Oct-24,NEW SIM 2  ZONG FOR OFFICE ,,9700,OFFICE EXPENSE
22-Oct-24,VISIT BHOLARI SITE FOR WORK,,6750,OFFICE EXPENSE
22-Oct-24,HABIBULLAH LUNCH & TEA AGI,,1740,OFFICE EXPENSE
24-Oct-24,"TEA BAG, MILK , SUGAR ,GREEN TEA",,1950,OFFICE EXPENSE
24-Oct-24,DEPOSITE TO NEW BAHL AC FOR CHQ BOOK,,5000,OFFICE EXPENSE
25-Oct-24,ISMAIL FOR BOUNDRY WALL SITE OFFICE ,,300000,SITE DEVELOPMENT EXPENSE
28-Oct-24,AGI GUEST LUNCH ,,1820,OFFICE EXPENSE
28-Oct-24,"WATER BOTTLE , AC PIPE REPAIR",,850,OFFICE EXPENSE
31-Oct-24,"MAP PRINT , TEA BAGS 25",,1860,OFFICE EXPENSE
31-Oct-24,LUNCH OFS OCT 2024,,15300,OFFICE EXPENSE
5-Nov-24,COM ADV MARKETING DEALER,,100000,COMMISSION
5-Nov-24,BILAL BADAMI FOR PRINTING ,,50000,OFFICE EXPENSE
5-Nov-24,SALARY ZEHRA M/O OCT 2024,,40000,SALARY
5-Nov-24,SALARY ABIRA M/O OCT 2024,,30000,SALARY
5-Nov-24,SALARY RAZA M/O OCT 2024,,25000,SALARY
5-Nov-24,SALARY ALI M/O OCT 2024,,28000,SALARY
5-Nov-24,K-ELECTRIC BILL M/O OCT 2024,,35087,OFFICE EXPENSE
5-Nov-24,OFS CLEANING & DUSTING ,,4500,OFFICE EXPENSE
7-Nov-24,ALI FOR MARKETING ADVERTMENT ,,10000,OFFICE EXPENSE
13-Nov-24,CAR INSTALLMENT M/O OCT 2024,,47000,LOAN
6-Nov-24,"TEA BAGS ,SUGAR MEDICINE FOR OFS STAFF ",,910,OFFICE EXPENSE
6-Nov-24,SHEIKH AMEEN M/O OCT 2024,,20000,COMMISSION
9-Nov-24,"REFRESHMENT ,WATER /ICE ",,850,OFFICE EXPENSE
11-Nov-24,IRFAN BHAI BHOLARI SITE VISIT PETROL,,6000,OFFICE EXPENSE
11-Nov-24,SHEHNAZ ANTY M/O NOV 2024,,5000,COMMISSION
11-Nov-24,OFS NEW CHAIR ,,9000,OFFICE EXPENSE
14-Nov-24,MAP PRINTING FOR DEALER,,3650,OFFICE EXPENSE
14-Nov-24,WIFI DEVICE USB ,,1600,OFFICE EXPENSE
14*-NOV-24,FILE BAG AUTO RENT ,,1160,OFFICE EXPENSE
18-Nov-24,PTCL BILL M/O OCT 2024,,4140,OFFICE EXPENSE
16-Nov-24,OFS STATIONARY ,,700,OFFICE EXPENSE
18-Nov-24,CAKE FOR WILADAT ,,1080,OFFICE EXPENSE
19-Nov-24,SALARY SHAFQAT M/O OCT/NOV ,,11000,SALARY
19-Nov-24,"TEA BAGS , SUGAR",,732,OFFICE EXPENSE
19-Nov-24,SHAN FOR PANAFLAKS ,,21000,OFFICE EXPENSE
19-Nov-24,SALAR ADV ALI M/O NOV,,5000,SALARY
19-Nov-24,CARTAGE REFIL AIR FRESHNER,,400,OFFICE EXPENSE
19-Nov-24,COM INST AUN 3 PLOT,,4980,OFFICE EXPENSE
20-Nov-24,BILAL BADAMI FOR PRINTING ONLINE TAHIRA,,50000,OFFICE EXPENSE
20-Nov-24,OFFICE RENT M/O NOV 2024,,77500,OFFICE EXPENSE
20-Nov-24,COM INST AGI ,,37500,COMMISSION
20-Nov-24,"WATER BOTTLE ,ICE ",,600,OFFICE EXPENSE
21-Nov-24,COM INST ALARAB ,,25000,COMMISSION
21-Nov-24,COM INST ZEHRA   ,,48930,COMMISSION
21-Nov-24,BILAL FOR RECIPT PAPER 12,,6000,OFFICE EXPENSE
21-Nov-24,BANK FOR LETTER HEAD PRINTING ,,1200,OFFICE EXPENSE
21-Nov-24,COM INST ALARAB ,,25000,COMMISSION
21-Nov-24,MAP PRINT ,,520,OFFICE EXPENSE
22-Nov-24,INVESTOR INVESTMENT RETURN ,,260000,INVESTMENT RETURN
25-Nov-24,OFFICE STATINARY ,,3000,OFFICE EXPENSE
25-Nov-24,NEW COMPUTER 4 ALI SIBTAIN ,,81000,OFFICE EXPENSE
25-Nov-24,IRFAB BHAI,,700,OFFICE EXPENSE
25-Nov-24,"TAPAL TEA BAG , GREEN TEA",,975,OFFICE EXPENSE
26-Nov-24,TCS BILL,,4526,OFFICE EXPENSE
26-Nov-24,BASHIR SON WEDDING GIFT,,10000,CHARITY
26-Nov-24,COM CASH SQ NAJEEB ,,50000,COMMISSION
26-Nov-24,K-ELECTRIC BILL M/O OCT 2024,,44315,OFFICE EXPENSE
28-Nov-24,HEAD PHONE FOR ALI,,2500,OFFICE EXPENSE
28-Nov-24,AUTO PRINTING RENT ,,550,OFFICE EXPENSE
29-Nov-24,BILAL BADAMI FOR PRINTING ,,50000,OFFICE EXPENSE
30-Nov-24,LUNCH M/O NOV 2024,,13570,OFFICE EXPENSE
2-Dec-24,HALL BOOKING FOR EVENT ,,20000,OFFICE EXPENSE
2-Dec-24,ARSALAN BHATTI,,100000,TOWN PLANNING
2-Dec-24,REF /CIGARETTE HAMZA GUEST /TEA,,1650,OFFICE EXPENSE
2-Dec-24,COM INST SAMAD 75000,,22425,COMMISSION
2-Dec-24,COM INST SAMAD 97000,,29857,COMMISSION
1-Dec-24,PAID TO SHAHID MAHMOOD ,,500000,OTHERS
3-Dec-24,KHAAN SHEROZ,,90000,OFFICE EXPENSE
3-Dec-24,SITE FLAG,,5000,OFFICE EXPENSE
3-Dec-24,FACEBOOK PERMOTION ,,5000,OFFICE EXPENSE
6-Dec-24,TAHA FOR ADVERTISMENT,,50000,OFFICE EXPENSE
6-Dec-24,SALARY  ZEHRA M/O NOV 2024,,40000,SALARY
6-Dec-24,SALARY ABIRA M/O NOV 2024,,30000,SALARY
6-Dec-24,SALARY RAZA M/O NOV 2024,,25000,SALARY
6-Dec-24,OFS CLEANING & DUSTING ,,4500,OFFICE EXPENSE
6-Dec-24,"TEA BAG, MILK , SUGAR ,GREEN TEA",,947,OFFICE EXPENSE
6-Dec-24,SALARY BASHEER M/O NOV-DEC,,100000,SALARY
7-Dec-24,MAP PRINT ,,2780,OFFICE EXPENSE
7-Dec-24,SALARY ALI M/O NOV 2024,,25000,SALARY
7-Dec-24,FOR BOARD ,,150000,SITE DEVELOPMENT EXPENSE
7-Dec-24,INSTA GRAM FOLLOWERS ,,3000,OFFICE EXPENSE
7-Dec-24,COM INST RAEES  NON-5-DEC,,40230,COMMISSION
7-Dec-24,COM INST S.S ASSOCAITR NOV -6-DEC,,73710,COMMISSION
7-Dec-24,COM INST REALTORONLINE NOV 2024,,54950,COMMISSION
7-Dec-24,FLAG PRINTING ,,8000,OFFICE EXPENSE
7-Dec-24,EVENT EXPENSE IRFAN BHAI ,,50000,OFFICE EXPENSE
7-Dec-24,COM CASH NAVEED ZAIDI FULL CASH FILE,,54000,COMMISSION
9-Dec-24,WATER BOTTL /LUNCH /CIGARETTE,,1240,OFFICE EXPENSE
9-Dec-24,MAP PRINT ,,1860,OFFICE EXPENSE
10-Dec-24,MAINTANOUS OFFICE M/O DEC,,1500,OFFICE EXPENSE
10-Dec-24,SAQIB COMM DEPOSITE IN BANK,,50000,COMMISSION
11-Dec-24,COM INST ASR ,,6640,COMMISSION
11-Dec-24,MAP PRINTING FOR DEALER/CIGARETTE/TEA & BISCUITS,,950,OFFICE EXPENSE
11-Dec-24,STROM FIBER NET INSTALLATION FEE,,3700,OFFICE EXPENSE
11-Dec-24,PAID TO HABIBULLAH,,200000,LAND PAYMENT
11-Dec-24,PAID TO HABIBULLAH  ,,100000,LAND PAYMENT
12-Dec-24,WAQAS ZAIDI EVENT HALL,,90000,OFFICE EXPENSE
12-Dec-24,SHAHIDMAKWAN DINNER FOR EVENT AT  ICON,,50000,OFFICE EXPENSE
12-Dec-24,CAR INSTALLMENT M/O NOV 2024,,47000,LOAN
12-Dec-24,SHEHNAZ ANTY M/O DEC 2024,,5000,COMMISSION
13-Dec-24,EVENT DEALERS CONVENTION,,120600,OFFICE EXPENSE
13-Dec-24,SHAFQAT,,1000,OFFICE EXPENSE
14-Dec-24,KAMRAN DESIGNER FOR GB MAP,10409115,200000,TOWN PLANNING
16-Dec-24,COMM INVEST WITH NZ NOVV TILL 13 DEC-2024,,174600,COMMISSION
16-Dec-24,ALI BIKE GIFT ,,35000,CHARITY
16-Dec-24,EVENT DINNER ,,41000,OFFICE EXPENSE
17-Dec-24,WATER BOTTLES/TEA,,1250,OFFICE EXPENSE
17-Dec-24,GREEN TEA /SUGAR/ TEABAG/ MILK,,2030,OFFICE EXPENSE
17-Dec-24,BOX FILE 2 /STEPLER,,1430,OFFICE EXPENSE
17-Dec-24,"GUEST LUNCH/TEA,BISCUITS",,760,OFFICE EXPENSE
18-Dec-24,PAID TO HABIBULLAH,,200000,LAND PAYMENT
18-Dec-24,INVESTMENT RETURN RAFIQUE,,200000,INVESTMENT RETURN
18-Dec-24,PTCL BILL,,4080,OFFICE EXPENSE
18-Dec-24,GIFT FROM  SIR TO ABBAS BHAI,,10000,OFFICE EXPENSE
18-Dec-24,FACEBOOK FOLLOWERS,,5500,OFFICE EXPENSE
18-Dec-24,GUEST LUNCH/TEA,,1250,OFFICE EXPENSE
19-Dec-24,PRINTING/STANDIES/COUSTOMIZE KEY,,10500,OFFICE EXPENSE
19-Dec-24,OFFICE RENT M/O DEC 2024,,77500,OFFICE EXPENSE
19-Dec-24,PANI,,190,OFFICE EXPENSE
19-Dec-24,SALARY SHAFQAT M/O NOV/DEC,,10500,SALARY
19-Dec-24,SSCP BAHL (ARSALAN),,1200,TOWN PLANNING
19-Dec-24,RAZA MEDICAL,,550,OFFICE EXPENSE
20-Dec-24,AUN ASR COMM,,1660,COMMISSION
19-Dec-24,ADVANCE SALARY ALI,,8000,SALARY
20-Dec-24,PAID TO ARSALAN BHATTI LAYOUT UNOFFICIAL (FISH FARM),,200000,TOWN PLANNING
20-Dec-24,SAQIB COMM DEPOSITE IN BANK,,80000,COMMISSION
21-Dec-24,SHEILD BHOLARI AWARDS,,6500,OFFICE EXPENSE
20-12-2024,"REFILE ,REPAIR PRINTER",,1800,OFFICE EXPENSE
23-12-2024,KHAAN SHEROZ,,40000,OFFICE EXPENSE
23-12-2024,WATER BOTTLES,,600,OFFICE EXPENSE
23-12-2024,CAKE FOR WILADAT ,,3400,OFFICE EXPENSE
23-12-2024,"COMM AGI SHAMSHAD/SAJJAD R-4/362,473",,150000,COMMISSION
23-12-2024,HYDERABAD SINGBOARD AGI,,180000,SITE DEVELOPMENT EXPENSE
23-12-2024,GARBBAGE BAG,,250,OFFICE EXPENSE
23-12-2024,IRFAN BHAI PRINTING,,20000,OFFICE EXPENSE
24-12-2024,NEW PRINTER REFILE AND D/B,,700,OFFICE EXPENSE
24-12-2024,GIVEN TO ARIF MEHDI RIZVI,,216000,INVESTMENT RETURN
24-12-2024,PTCL WIRE REPAIR WASEEM,,600,OFFICE EXPENSE
24-12-2024,PINTER REPAIR,,1800,OFFICE EXPENSE
25-12-2024,SHAFQAT GIFT,,10000,OFFICE EXPENSE
25-12-2024,SHEILD BHOLARI AWARDS,,6500,OFFICE EXPENSE
26-12-2024,CAR INSTALLMENT M/O DEC 2024,,47000,LOAN
26-12-2024,ELECTRIC BILL,,29650,OFFICE EXPENSE
26-12-2024,WATER BOTTLES/TEA,,200,OFFICE EXPENSE
26-12-2024,PANAFLEX EASYPAISA M.SHAN,,7500,OFFICE EXPENSE
28-12-2024,COM INST M.A COM,,6970,COMMISSION
28-12-2024,PRINTING LETTERHEAD,,20000,OFFICE EXPENSE
30-12-2024,VITAL TEABAG/REFESHMENT,,760,OFFICE EXPENSE
30-12-2024,COM  INST ASR ,,3320,COMMISSION
31-12-2024,BILAL PRINTING ,,15000,OFFICE EXPENSE
31-12-2024,COM INST AL ARAB,,10000,COMMISSION
31-Dec-24,TEA,,300,OFFICE EXPENSE
31-Dec-24,MAINTANOUS OFFICE M/O JAN,,1500,OFFICE EXPENSE
31-Dec-24,LUNCH M/O DEC 2024,,15500,OFFICE EXPENSE
2-Jan-25,IRFAN BHOLARI SHEILD,,19000,OFFICE EXPENSE
2-Jan-25,CAKE FOR WILADAT ,,1700,OFFICE EXPENSE
2-Jan-25,"CARBON PAPER ,PERMANNENT MAKER & WHITO",,730,OFFICE EXPENSE
2-Jan-25,VITAL TEABAG/ GREENTEA,,620,OFFICE EXPENSE
2-Jan-25,ABIRA GIFT FROM SIR,,30000,OFFICE EXPENSE
2-Jan-25,SHABIHA ZEHRA GIFT FROM SIR,,40000,OFFICE EXPENSE
3-Jan-25,FOR ZAFAR AHMED DOMAIN HOSTING,,150000,OTHERS
3-Jan-25,KAMRAN DESIGNER FOR GB MAP,,200000,TOWN PLANNING
3-Jan-25,"WALL DECPRATION PICES INTALLATION TAPE ,SKREEW, CELL",,800,OFFICE EXPENSE
4-Jan-25,"TAPE/EASY PAISA CHARGES ,TEA",,250,OFFICE EXPENSE
6-Jan-25,ARIF INVESTMENT RETURN ,,216000,INVESTMENT RETURN
6-Jan-25,STATIONERY,,2390,OFFICE EXPENSE
6-Jan-25,COM INST ASR ,,8300,COMMISSION
6-Jan-25,TEA/SUGAR,,1110,OFFICE EXPENSE
6-Jan-25,ARIF LUNCH,,250,OFFICE EXPENSE
6-Jan-25,OFC LUNCH FROM IRFAN BHAI,,2350,OFFICE EXPENSE
6-Jan-25,"TEA BAGS 600,GREENTEA 50,2KG EVERYDAY",,7610,OFFICE EXPENSE
7-Jan-25,COM INST NZ  M/O DEC,10409506,283500,COMMISSION
7-Jan-25,COM INST RAEES  M/O DEC,10409507,149760,COMMISSION
7-Jan-25,COM INST SS ASSOCIATES,10409508,138375,COMMISSION
7-Jan-25,COM INST AGOC,10409509,48384,COMMISSION
7-Jan-25,COM INST REALTORONLINE,10409510,176805,COMMISSION
7-Jan-25,REHAN HUSSAIN SALARY,10409512,100000,SALARY
7-Jan-25,IRFAN HAIDER SALARY,10409513,100000,SALARY
7-Jan-25,SALARY  ZEHRA M/O DEC 2024,,40000,SALARY
7-Jan-25,SALARY ABIRA M/O DEC 2024,,30000,SALARY
7-Jan-25,SALARY RAZA M/O DEC 2024,,25000,SALARY
7-Jan-25,SALARY ALI M/O DEC 2024,,22000,SALARY
7-Jan-25,SALARY SANIA M/O DEC 2024 9 DAYS,,9000,SALARY
7-Jan-25,OFS CLEANING & DUSTING ,,4500,OFFICE EXPENSE
8-Jan-25,ASIM AND COMPANY PRVT LIMITED BIKE INST M/O JAN-25,,10000,OFFICE EXPENSE
8-Jan-25,SHEIKH AMEEN M/O NOV-DEC 2024/JAN-2025 ,,60000,COMMISSION
8-Jan-25,COM INST M.A COM,,1660,OFFICE EXPENSE
8-Jan-25,SHEHNAZ ANTY M/O JAN-2025,,5000,COMMISSION
8-Jan-25,COM INST GLOBE,,28220,COMMISSION
8-Jan-25,KHAAN SHEROZ,,10000,OFFICE EXPENSE
9-Jan-25,COM INST AL ARAB,,10000,COMMISSION
9-Jan-25,PRINTING APPLICATION FORMS,,26000,OFFICE EXPENSE
9-Jan-25,LOAN ALI FOR PERSONAL USE,,60000,LOAN
10-Jan-25,MEDICANCE FOR OFC,,500,OFFICE EXPENSE
10-Jan-25,PAID TO ARSALAN BHATTI UN OFFICIAL FOR LAYOUT APROVAL,,200000,TOWN PLANNING
10-Jan-25,WATER BOTTLES,,200,OFFICE EXPENSE
13-Jan-25,INVESTMENT RETURN RAFIQUE,,500000,INVESTMENT RETURN
13-Jan-25,DECORATION 13 RAJAB,,1690,OFFICE EXPENSE
13-Jan-25,SALARY BASHEER M/O JAN-2025,,50000,SALARY
13-Jan-25,PAID TO ARSALAN BHATTI UNOFFICIAL SIDE VISIT TOWNPLANNER,,30000,TOWN PLANNING
14-Jan-25,"CAKE ,COLDDRINK ,PATTIEZ FOR 13 RAJAB",,2230,OFFICE EXPENSE
14-Jan-25,TEA,,200,OFFICE EXPENSE
15-Jan-25,PAID TO ARSALAN BHATTI UNOFFICIAL ,,300000,TOWN PLANNING
15-Jan-25,COM INST ASR,,8300,COMMISSION
16-Jan-25,COM INST WHITE GOLD,,12600,COMMISSION
16-Jan-25,MAP PRINTING,,400,OFFICE EXPENSE
17-Jan-25,WATER BOTTLES,,300,OFFICE EXPENSE
17-Jan-25,COM INST WAHAB,,28000,COMMISSION
17-Jan-25,COM INST DEALER,,175149,COMMISSION
18-Jan-25,PAID TO ZAFAR AHMED FOR SOFTWARE,,100000,OTHERS
18-Jan-25,CAR INSTALLMENT M/O JAN 2025,,47000,LOAN
20-Jan-25,COM INST ASR,,1660,COMMISSION
20-Jan-25,PTCL BILL,,4450,OFFICE EXPENSE
20-Jan-25,SALARY SHAFQAT M/O DEC-JAN 2024-2025,,10500,SALARY
21-Jan-25,WATER BOTTLE,,400,OFFICE EXPENSE
21-Jan-25,ELECTRIC BILL,,9660,OFFICE EXPENSE
22-Jan-25,INVESTMENT RETURN RAFIQUE,,500000,INVESTMENT RETURN
22-Jan-25,PAID TO ARSALAN BHATTI UN OFFICIAL FOR LAYOUT APROVAL,,200000,LAND PAYMENT
22-Jan-25,KAMRAN DESIGNER FOR GB MAP,,150000,TOWN PLANNING
22-Jan-25,BILAL BADAMI PRINTING ,,60000,OFFICE EXPENSE
22-Jan-25,OFFICE RENT M/O JAN 2025 & AGREMENT RENEW,,82000,OFFICE EXPENSE
22-Jan-25,GIFT PAPERS SHEETS FOR LUCKYDRAW BOX,,400,OFFICE EXPENSE
24-Jan-25,COMM INST MARKETING  DEALER,,597000,COMMISSION
25-Jan-25,MAP PRINTING,,1600,OFFICE EXPENSE
25-Jan-25,WALL FRAMES,,1500,OFFICE EXPENSE
27-Jan-25,FAZAL HUSSAIN FOR SOCIAL MEDIA PAID PERMOTIONS,,100000,OTHERS
27-Jan-25,WATER BOTTLES,,300,OFFICE EXPENSE
27-Jan-25,"RIGMAL,CALRICH CALCY",,200,OFFICE EXPENSE
27-Jan-25,PAID TO ARSALAN BHATTI,,200000,TOWN PLANNING
27-Jan-25,COMM CASH ALI SIBTAIN,,19150,COMMISSION
28-Jan-25,LOAN SHAFQAT FOR PERSONAL USE,,50000,LOAN
28-Jan-25,TISSUE BOXES ,,800,OFFICE EXPENSE
28-Jan-25,MAP PRINTING,,400,OFFICE EXPENSE
29-Jan-25,TCS FILE ENVELOPS,,750,OFFICE EXPENSE
29-Jan-25,PRINTER REPAIR ,,1300,OFFICE EXPENSE
29-Jan-25,VISIT SITE,,5000,OFFICE EXPENSE
30-Jan-25,SURF AND WATER BOTTLE FOR SIR,,160,OFFICE EXPENSE
31-Jan-25,"COMM CASH FILE NZ UMAIR R-04/403,404",,105000,COMMISSION
31-Jan-25,LUNCH M/O JAN 2025,,14610,OFFICE EXPENSE
31-Jan-25,DECORATION SHABAN & CAKE,,2610,OFFICE EXPENSE
31-Jan-25,WATER BOTTLE,,200,OFFICE EXPENSE
31-Jan-25,CARTIAGE REFILE,,400,OFFICE EXPENSE
1-Feb-25,CAKE FOR WILADAT ,,2400,OFFICE EXPENSE
12-Feb-25,PAID TO HABIBULLAH,,1000000,LAND PAYMENT
1-Feb-25,TEA,,200,OFFICE EXPENSE
3-Feb-25,PAID TO ARSALAN BHATTI TO SALMAN,,600000,TOWN PLANNING
3-Feb-25,GREEN TEA ,,470,OFFICE EXPENSE
3-Feb-25,STROM FIBER NET ,,5200,OFFICE EXPENSE
3-Feb-25,CAKE FOR WILADAT ,,1020,OFFICE EXPENSE
3-Feb-25,OFFICE LUNCH FOR WILADAT,,4340,OFFICE EXPENSE
3-Feb-25,WATER BOTTLE,,300,OFFICE EXPENSE
4-Feb-25,COM INST HAMZA,,102600,COMMISSION
4-Feb-25,COM INST SS ASSOCIATES,,100170,COMMISSION
4-Feb-25,COM INST REALTORONLINE,,87930,COMMISSION
4-Feb-25,COM INST AGOC,,48384,COMMISSION
4-Feb-25,COM INST NZ  M/O JAN-25,,390150,COMMISSION
4-Feb-25,PAID TO RAFIQ SHORO,,500000,LAND PAYMENT
4-Feb-25,TEA,,100,OFFICE EXPENSE
4-Feb-25,RAZA FOR CAKE,,1000,OFFICE EXPENSE
4-Feb-25,ASIM AND COMPANY PRVT LIMITED BIKE INST M/O FEB-25,,10000,OFFICE EXPENSE
6-Feb-25,PAID TO SHAHID FOR  BOUNDARY WALL,,398700,OFFICE EXPENSE
6-Feb-25,SUGAR,,300,OFFICE EXPENSE
6-Feb-25,OFFICE RENT M/O FEB-2025,,81000,OFFICE EXPENSE
6-Feb-25,SALARY  ZEHRA M/O JAN-25,,45000,SALARY
6-Feb-25,SALARY ABIRA M/O JAN-25,,35000,SALARY
6-Feb-25,SALARY RAZA M/O JAN 2025,,35000,SALARY
6-Feb-25,SALARY ALI M/O JAN 2025,,30000,SALARY
6-Feb-25,SALARY SANIA M/O JAN-2025,,30000,SALARY
6-Feb-25,OFS CLEANING & DUSTING ,,3500,OFFICE EXPENSE
6-Feb-25,MAINTANOUS OFFICE M/O FEB,,1500,OFFICE EXPENSE
7-Feb-25,COM INST RAEES  M/O JAN-25,,619974,OFFICE EXPENSE
7-Feb-25,ALI JAFFER FOR EVENT WATER BOTTLES,,8000,OFFICE EXPENSE
8-Feb-25,COM INST MARKETING DEALER,,194232,COMMISSION
8-Feb-25,COM CASH FILE NZ,,52500,COMMISSION
10-Feb-25,WATER BOTTLES,,400,OFFICE EXPENSE
10-Feb-25,SALARY ABBAS BHAI ,,10000,SALARY
11-Feb-25,NEW CARTIAGE FOR ABIRA PRINTER,,3500,OFFICE EXPENSE
11-Feb-25,M.TAQI,,280000,OTHERS
11-Feb-25,SALARY BASHEER M/O FEB-2025,,50000,SALARY
11-Feb-25,SHEHNAZ ANTY M/O FEB-2025,,5000,COMMISSION
12-Feb-25,BILAL PRINTING PAPER FOR SLIPS & A4 CORTON,,11000,OFFICE EXPENSE
12-Feb-25,REFRESHMENT & TEA,,1450,OFFICE EXPENSE
12-Feb-25,COM CASH FILE AGI ON SIRAJ,,15000,COMMISSION
12-Feb-25,HABIBULLAH RENT,,5000,OFFICE EXPENSE
14-Feb-25,CAR INSTALLMENT M/O FEB 2025,,47000,LOAN
14-Feb-25,SHAHID MEHMOOD BOUNDARY WALL,,140000,SITE DEVELOPMENT EXPENSE
14-Feb-25,ARSALAN BHATTI,,10000,TOWN PLANNING
15-Feb-25,WATER BOTTLE,,300,OFFICE EXPENSE
15-Feb-25,TRACTOR WORK ON SITE,,20000,SITE DEVELOPMENT EXPENSE
15-Feb-25,VISIT BHOLARI SITE FOR WORK,,50000,SITE DEVELOPMENT EXPENSE
15-Feb-25,COM INST NAYAB,,5970,COMMISSION
17-Feb-25,REFUND S.NASIM BANO JAFFRI L-142,,7500,REFUND
17-Feb-25,PTCL BILL,,5670,OFFICE EXPENSE
17-Feb-25,COM INST AUN 10 PLOT,,18260,COMMISSION
17-Feb-25,DISPENCER & MICRO OVEN AND RENT OF RIDE  FOR OFC,,61000,OFFICE EXPENSE
17-Feb-25,"REGISTER NEW 2,PEN BOXES,COVER SHEETS",,1890,OFFICE EXPENSE
17-Feb-25,ELECTRIC BILL,,8780,OFFICE EXPENSE
19-Feb-25,COM INST SANIA ZEHRA,,13832,COMMISSION
19-Feb-25,JUICE & REFRESHMENT,,1000,OFFICE EXPENSE
19-Feb-25,GREENTEA & SUGAR,,400,OFFICE EXPENSE
20-Feb-25,WATER,,200,OFFICE EXPENSE
20-Feb-25,SALARY SHAFQAT M/O JAN-FEB 2025,,5000,OFFICE EXPENSE
20-Feb-25,BILAL PRINTING,,35000,OFFICE EXPENSE
20-Feb-25,GIFT MONEY RAEES MARKETING,,65000,OTHERS
20-Feb-25,REFRESHMENT & TEA,,800,OFFICE EXPENSE
21-Feb-25,PAID TO HABIBULLAH,,1000000,LAND PAYMENT
23-Feb-25,IRFAN BHAI LOAN,,50000,LOAN
24-Feb-25,COMM INST SAQIB,,64740,COMMISSION
25-Feb-25,TCS BILL,,2410,OFFICE EXPENSE
25-Feb-25,TOWEL FOR OFC DUSTING,,160,OFFICE EXPENSE
25-Feb-25,REFRESHMENT,,300,OFFICE EXPENSE
26-Feb-25,EXTENSION WIRE,,300,OFFICE EXPENSE
27-Feb-25,RAFIQ HUSSAIN INVESTMENT RETURN PROFIT,,300000,INVESTMENT PROFIT RETURN
27-Feb-25,PAID TO HAMZA HAMMAD,,100000,LOAN
27-Feb-25,REFRESHMENT & TEA,,500,OFFICE EXPENSE
27-Feb-25,SHEIKH AMEEN M/O FEB-2025 ,,20000,COMMISSION
28-Feb-25,"GREENTEA & SUGAR,SOAP ROOMSPRY",,1180,OFFICE EXPENSE
28-Feb-25,CARTIAGE REFILE,,400,OFFICE EXPENSE
28-Feb-25,LUNCH M/O FEB 2025,,10720,OFFICE EXPENSE
1-Mar-25,LUNCH M/O MAR 2025,,1000,OFFICE EXPENSE
1-Mar-25,RAZA BIKE,,45000,OFFICE EXPENSE
1-Mar-25,SALARY  ZEHRA M/O FEB-25,,45000,SALARY
1-Mar-25,SALARY ABIRA M/O FEB-25,,35000,SALARY
1-Mar-25,SALARY RAZA M/O FEB 2025,,28000,SALARY
1-Mar-25,SALARY ALI M/O FEB 2025,,26510,SALARY
1-Mar-25,SALARY SANIA M/O FEB-2025,,30000,SALARY
1-Mar-25,OFS CLEANING & DUSTING ,,2000,OFFICE EXPENSE
1-Mar-25,SALARY GHULAM ABBAS M/O FEB-25,,10000,SALARY
1-Mar-25,SALARY BASHEER M/O MAR-2025,,50000,SALARY
1-Mar-25,CAKE,,1790,OFFICE EXPENSE
5-Mar-25,MAID SALARY,,1500,SALARY
5-Mar-25,COMM INST REALTORONLINE M/O FEB,,127800,COMMISSION
5-Mar-25,COMM INST AGOC M/O FEB,,139824,COMMISSION
5-Mar-25,COM INST SS ASSOCIATES M/O FEB,,142920,COMMISSION
5-Mar-25,COM INST RAEES  M/O FEB,,1078005,COMMISSION
5-Mar-25,MAINTANOUS OFFICE M/O MAR,,1500,OFFICE EXPENSE
6-Mar-25,CARTIAGE REFILE,,400,OFFICE EXPENSE
8-Mar-25,STATIONERY,,780,OFFICE EXPENSE
8-Mar-25,COMM INST SANIA ZEHRA,,10910,OFFICE EXPENSE
8-Mar-25,COMM INST ALI SIBTAIN,,20216,OFFICE EXPENSE
10-Mar-25,COM INST NZ  M/O FEB,,559650,COMMISSION
10-Mar-25,OFFICE RENT M/O MAR-2025,,81000,OFFICE EXPENSE
10-Mar-25,COM INST DEALER,,103300,COMMISSION
10-Mar-25,PAID TO IRFAN HAIDER,,200000,SALARY
10-Mar-25,PAID TO REHAN HUSSAIN,,200000,SALARY
10-Mar-25,RAZA BIKE MANTAINOUS,,5000,OFFICE EXPENSE
12-Mar-25,SHEHNAZ ANTY M/O MAR-2025,,5000,COMMISSION
12-Mar-25,ASIM AND COMPANY PRVT LIMITED BIKE INST M/O MAR-25,,10000,OFFICE EXPENSE
12-Mar-25,COM INST DEALER,,125828,COMMISSION
13-Mar-25,COM CASH ASAD,,61000,COMMISSION
14-Mar-25,BILAL BADAMI PRINTING BAGS,,50000,OFFICE EXPENSE
15-Mar-25,FOR COMPUTER SANIA,,57000,OFFICE EXPENSE
15-Mar-25,RIDER RENT BAGS RECE,,510,OFFICE EXPENSE
17-Mar-25,OFC NEW DOOR WORK,,20000,OFFICE EXPENSE
17-Mar-25,TELEPHONE REPAIR,,1000,OFFICE EXPENSE
17-Mar-25,PTCL BILL,,5400,OFFICE EXPENSE
18-Mar-25,COM INST ASR (AUN),,16930,COMMISSION
18-Mar-25,ALI ADVANCE SALARY,,5000,SALARY
18-Mar-25,INVESTMENT RETURN ASGHER,,360000,INVESTMENT RETURN
19-Mar-25,CAR INSTALLMENT M/O MAR 2025,,47000,LOAN
19-Mar-25,ABIRA BOUNS,,35000,OFFICE EXPENSE
19-Mar-25,ZEHRA BOUNS,,45000,OFFICE EXPENSE
19-Mar-25,ELECTRIC BILL,,21800,OFFICE EXPENSE
19-Mar-25,RAZA BOUNS,,28000,OFFICE EXPENSE
19-Mar-25,CABNETS 4X7 & 2X7,,30000,OFFICE EXPENSE
19-Mar-25,SALARY SHAFQAT M/O FEB-MAR 2025,,7000,SALARY
19-Mar-25,SHAFQAT BOUNS,,10000,OFFICE EXPENSE
19-Mar-25,BUILDING GUARD EIDI,,2000,OFFICE EXPENSE
19-Mar-25,EASYPAISA FOR AC SERVICE AMIR MUSHTAQ,,4050,OFFICE EXPENSE
19-Mar-25,MAID DAUGHTER WEDDING,,5000,OFFICE EXPENSE
20-Mar-25,STATIONERY,,1350,OFFICE EXPENSE
20-Mar-25,MAP PRINTING,,400,OFFICE EXPENSE
21-Mar-25,PAID TO HABIBULLAH,,1000000,LAND PAYMENT
21-Mar-25,PAID TO HABIBULLAH,,1000000,LAND PAYMENT
21-Mar-25,CELLS FOR BELL,,120,OFFICE EXPENSE
21-Mar-25,CHARITY,,20000,CHARITY
24-Mar-25,BILAL BADAMI FOR BAGS,,10000,OFFICE EXPENSE
25-Mar-25,AIRF MEHDI INVESTMENT RETURN,,300000,INVESTMENT RETURN
25-Mar-25,SAJJAD HUSSAIN INVESTMENT RETURN,,200000,INVESTMENT RETURN
25-Mar-25,PAID TO ACTOR FOR ADVERTISING VIDEO,,100000,OTHERS
25-Mar-25,STROM FIBER NET BILL,,3420,OFFICE EXPENSE
26-Mar-25,CARTIAGE REFILE,,400,OFFICE EXPENSE
26-Mar-25,ARSALAN BHATTI PETROL EXPENSE,,20000,OFFICE EXPENSE
27-Mar-25,PAID TO HABIBULLAH,,100000,LAND PAYMENT
27-Mar-25,PAID TO ARSALAN,,100000,TOWN PLANNING
27-Mar-25,NEW TABLE,,5000,OFFICE EXPENSE
27-Mar-25,CAR CLEANER BOY EIDI,,2000,OFFICE EXPENSE
27-Mar-25,ABIRA & HASSAN AFTARI,,770,OFFICE EXPENSE
28-Mar-25,KIDS REFRESHMENT,,260,OFFICE EXPENSE
28-Mar-25,COM INST SANIA ZEHRA,,20000,COMMISSION
28-Mar-25,COMM INST ALI SIBTAIN,,19740,COMMISSION
29-Mar-25,STAFF EIDDI SANIA ABBAS ALI,,15000,OFFICE EXPENSE
29-Mar-25,COMM NZ INST ,,510300,COMMISSION
29-Mar-25,COM INST MARKETING DEALER,,122486,COMMISSION
29-Mar-25,COMM INST HAMZA,,211200,COMMISSION
29-Mar-25,COM INST DEALER,,75349,COMMISSION
29-Mar-25,HAMZA REHAN IRFAN EIDDI,,300000,OFFICE EXPENSE
29-Mar-25,JAWAD BHAI EIDDI,,50000,OFFICE EXPENSE
3-Apr-25,MEDICAIN 1000CC,,270,OFFICE EXPENSE
3-Apr-25,SUGAR,,180,OFFICE EXPENSE
3-Apr-25,CIGARETTE & PATIEZ,,1100,OFFICE EXPENSE
4-Apr-25,REFRESHMENT,,400,OFFICE EXPENSE
5-Apr-25,WATER BOTTLES,,500,OFFICE EXPENSE
5-Apr-25,"EXTENSION WIRE,GREENTEA,TISSUE BOXES",,1150,OFFICE EXPENSE
5-Apr-25,CARTIAGE REFILE,,400,OFFICE EXPENSE
5-Apr-25,PIZZA DILIVERY BOY ,,200,OFFICE EXPENSE
5-Apr-25,MAID SALARY,,1500,SALARY
5-Apr-25,CHAI,,400,OFFICE EXPENSE
7-Apr-25,COMM INST AGOC M/O MAR,,280584,COMMISSION
7-Apr-25,COMM  INST REALTORONLINE M/O MAR,,157185,COMMISSION
7-Apr-25,COMM INST RAEES M/O MAR,,1171500,COMMISSION
7-Apr-25,COMM INST SS.ASSOCIATES,,141930,COMMISSION
7-Apr-25,MAID EIDI,,500,OFFICE EXPENSE
7-Apr-25,"TEA,GREENTEA,EVERY DAY BOXES",,13340,OFFICE EXPENSE
7-Apr-25,COMM INST NAYAB,,6000,COMMISSION
7-Apr-25,ARIF LUNCH,,500,OFFICE EXPENSE
7-Apr-25,SALARY RAZA M/O MAR 2025,,28000,SALARY
7-Apr-25,DUSTING & CLEANING,,2000,OFFICE EXPENSE
8-Apr-25,SALARY  ZEHRA M/O MAR-25,,45000,SALARY
8-Apr-25,SALARY ABIRA M/O MAR-25,,35000,SALARY
8-Apr-25,SALARY GHULAM ABBAS M/O MAR-25,,20000,SALARY
8-Apr-25,SALARY ALI M/O MAR-2025,,24500,SALARY
8-Apr-25,SALARY SANIA M/O MAR-2025,,30000,SALARY
8-Apr-25,"STATIONERY (PEN,HIGHLITERS,WHITO,PENHOLDER ENVELOPES CALCULATOR,PONCHMACHINE,RUFPAD,RUBBER BANDS MARKARS,TAPESTEPLERPIN BOXES,SIRRORS)",,13090,OFFICE EXPENSE
8-Apr-25,SHEIKH AMEEN M/O MAR-APRIL-2025 ,,40000,COMMISSION
8-Apr-25,SHEHNAZ ANTY M/O APRIL-2025,,5000,COMMISSION
9-Apr-25,ASIM AND COMPANY PRVT LIMITED BIKE INST M/O APR-25,,10000,OFFICE EXPENSE
9-Apr-25,CAR INSTALLMENT M/O APRIL 2025,,47000,LOAN
9-Apr-25,OFFICE RENT M/O MAR-2025,,81000,OFFICE EXPENSE
9-Apr-25,PRINTING FILE COVERS,,191100,OFFICE EXPENSE
10-Apr-25,PAID TO HABIBULLAH,,1000000,LAND PAYMENT
10-Apr-25,PAID TO SAJJAD INVESTMENT RETURN,,200000,INVESTMENT RETURN
10-May-25,PAID TO HABIBULLAH,,1000000,LAND PAYMENT
10-Apr-25,SALARY IRFAN HAIDER,,200000,SALARY
10-Apr-25,SALARY REHAN HUSSAIN,,200000,SALARY
10-Apr-25,PAID TO HABIBULLAH,,200000,SALARY
10-Apr-25,NEW ZAMEEN TOKEN PAID TO HABIBULLAH,,1000000,LAND PAYMENT
10-Apr-25,HAMZA HAMMAD SALARY,,200000,SALARY
11-Apr-25,COMM INST RAEES M/O MAR,,49923,COMMISSION
9-Apr-25,REFRESHMENTS ,,1000,OFFICE EXPENSE
10-Apr-25,SUGAR,,340,OFFICE EXPENSE
10-Apr-25,CHARITY,,10000,OFFICE EXPENSE
10-Apr-25,SLIPS PAPER 30 PACKETS,,17700,OFFICE EXPENSE
10-Apr-25,SALARY BASHEER & EIDI APRIL,,65000,SALARY
10-Apr-25,HABIBULLAH LUNCH REFRESHMENTS,,3000,OFFICE EXPENSE
10-Apr-25,PETROL RAZA,,300,OFFICE EXPENSE
10-Apr-25,DUSTBINBAGS,,150,OFFICE EXPENSE
11-Apr-25,STROM FIBER BILL,,3250,OFFICE EXPENSE
11-Apr-25,REFRESHMENT TEA PAITIEZ,,590,OFFICE EXPENSE
12-Apr-25,MEETHAI,,740,OFFICE EXPENSE
12-Apr-25,LOAN ABIRA,,80000,LOAN
14-Apr-25,COMM INST ASR AUN,,4980,COMMISSION
14-Apr-25,AC SERVICE,,500,OFFICE EXPENSE
14-Apr-25,TEA,,150,OFFICE EXPENSE
15-Apr-25,PAID TO HABIBULLAH,,700000,LAND PAYMENT
15-Apr-25,SIDETABLES FOR OFC,,11000,OFFICE EXPENSE
15-Apr-25,REFRESHMENT,,700,OFFICE EXPENSE
16-Apr-25,WATER BOTTLES,,700,OFFICE EXPENSE
16-Apr-25,PAID TO ARSALAN FOR LAYOUT REVISE,,100000,TOWN PLANNING
16-Apr-25,MAINTANOUS OFFICE M/O APR,,1500,OFFICE EXPENSE
17-Apr-25,EASY PAISA PANAFLEX NEW,,18000,OFFICE EXPENSE
17-Apr-25,HARPIC & KINGTOX SPARY,,1424,OFFICE EXPENSE
17-Apr-25,ELECTRIC BILL,,31390,OFFICE EXPENSE
17-Apr-25,RAZA BIKE TIRE TUBE,,600,OFFICE EXPENSE
17-Apr-25,OFC NEW DINNER SET,,8600,OFFICE EXPENSE
18-Apr-25,PAID TO RAFIQUE HUSSAIN INVESTMENT RETURN,,200000,INVESTMENT RETURN
18-Apr-25,ARIF MEHDI INVESTMENT RETURN,,300000,INVESTMENT RETURN
18-Apr-25,SALARY SHAFQAT M/O MAR-APRIL 2025,,7000,SALARY
18-Apr-25,STAMP & PETROL,,1500,OFFICE EXPENSE
21-Apr-25,COMM INST AUN ASR,,7304,COMMISSION
22-Apr-25,TCS BILL,,2650,OFFICE EXPENSE
22-Apr-25,PTCL BILL,,4850,OFFICE EXPENSE
23-Apr-25,PAID TO JHON MUJTABA,,30000,CHARITY
24-Apr-25,SUGAR,,380,OFFICE EXPENSE
24-Apr-25,BHOLARI SITE VISIT BY REHAN IRFAN,,10850,OFFICE EXPENSE
24-Apr-25,CHARITY,,5000,CHARITY
24-Apr-25,CARTIAGE REFILE,,800,OFFICE EXPENSE
24-Apr-25,COMM CASH FIVE STAR,,20000,COMMISSION
25-Apr-25,PAID TO HABIBULLAH,,300000,LAND PAYMENT
25-Apr-25,PAID TO ARSALAN UNOFFICAL FOR LAYOUT,,100000,TOWN PLANNING
26-Apr-25,"REFUND S.SOHAIL FAIZA R-04-180,179",,8000,REFUND
26-Apr-25,REFRESHMENT AND TEA,,700,OFFICE EXPENSE
28-Apr-25,SAJID HUSSAIN TOPO GHARAPHY,,100000,SITE DEVELOPMENT EXPENSE
28-Apr-25,METHAI,,1190,OFFICE EXPENSE
28-Apr-25,TEA,,1160,OFFICE EXPENSE
28-Apr-25,"LEMON MAX,FOAM,STEEL SPIRAL,SOAP",,730,OFFICE EXPENSE
28-Apr-25,HAMZA ,,100000,LOAN
29-Apr-25,"PETROL RAZA,TISSUE,REFRESHMENT",,1850,OFFICE EXPENSE
29-Apr-25,CAKE FOR WILADAT & 1500 FILES,,1790,OFFICE EXPENSE
29-Apr-25,DEPOSITE INTO BAHL,,496600,OTHERS
30-Apr-25,TEA,,140,OFFICE EXPENSE
30-Apr-25,LUNCH M/O APR,,14910,OFFICE EXPENSE
1-May-25,NEW ZAMEEN  PAID TO HABIBULLAH,,1000000,LAND PAYMENT
1-May-25,WATER BOTTLE,,400,OFFICE EXPENSE
1-May-25,REFRESHMENT,,1000,OFFICE EXPENSE
2-May-25,REFUND MUSAWAR L-409,,5000,REFUND
3-May-25,WATER BOTTLE,,200,OFFICE EXPENSE
3-May-25,SALARY BASHEER MAY,,50000,SALARY
3-May-25,SALARY RAZA M/O MAR 2025,,28000,SALARY
3-May-25,DUSTING & CLEANING,,2000,OFFICE EXPENSE
3-May-25,RASHAN RAZA,,3000,OFFICE EXPENSE
3-May-25,STAFF LUNCH,,6290,OFFICE EXPENSE
3-May-25,  SHEILDS BHOLARI,,7500,OFFICE EXPENSE
10-Jun-25,PAID TO HABIBULLAH FOR CAR,,500000,LAND PAYMENT
10-Jul-25,PAID TO HABIBULLAH FOR CAR,,500000,LAND PAYMENT
10-Aug-25,PAID TO HABIBULLAH FOR CAR,,500000,LAND PAYMENT
10-Sep-25,PAID TO HABIBULLAH FOR CAR,,500000,LAND PAYMENT
10-Oct-25,PAID TO HABIBULLAH FOR CAR,,500000,LAND PAYMENT
10-Nov-25,PAID TO HABIBULLAH FOR CAR,,500000,LAND PAYMENT
10-Dec-25,PAID TO HABIBULLAH FOR CAR,,500000,LAND PAYMENT
10-Jan-26,PAID TO HABIBULLAH FOR CAR,,500000,LAND PAYMENT
10-Feb-26,PAID TO HABIBULLAH FOR CAR,,500000,LAND PAYMENT
10-Mar-26,PAID TO HABIBULLAH FOR CAR,,500000,LAND PAYMENT
10-Apr-26,PAID TO HABIBULLAH FOR CAR,,500000,LAND PAYMENT
10-May-26,PAID TO HABIBULLAH FOR CAR,,500000,LAND PAYMENT
10-Jun-26,PAID TO HABIBULLAH FOR CAR,,500000,LAND PAYMENT
10-Jul-26,PAID TO HABIBULLAH FOR CAR,,500000,LAND PAYMENT
10-Aug-26,PAID TO HABIBULLAH FOR CAR,,500000,LAND PAYMENT
10-Sep-26,PAID TO HABIBULLAH FOR CAR,,500000,LAND PAYMENT
10-Oct-26,PAID TO HABIBULLAH FOR CAR,,500000,LAND PAYMENT
4-May-25,SALARY IRFAN HAIDER,,200000,SALARY
4-May-25,SALARY REHAN HUSSAIN,,200000,SALARY
4-May-25,SALARY SAJJAD HUSSAIN,,200000,SALARY
4-May-25,COMM SS.ASSOCIATES,,200000,COMMISSION
5-May-25,SHEHNAZ ANTY M/O MAY-2025,,5000,COMMISSION
5-May-25,SALARY  ZEHRA M/O APR-25,,45000,SALARY
5-May-25,SALARY ABIRA M/O APR-25,,35000,SALARY
5-May-25,SALARY GHULAM ABBAS M/O APR-25,,25000,SALARY
5-May-25,SALARY SANIA M/O APR-2025,,30000,SALARY
5-May-25,SALARY ALI M/O APR-2025,,17000,SALARY
5-May-25,COL HAMMAD INVESTMENT RETURN,,800000,INVESTMENT RETURN
5-May-25,ARIF MEHDI INVESTMENT PROFIT,,300000,INVESTMENT PROFIT RETURN
5-May-25,RAFIQ HUSSAIN INVESTMENT PROFIT,,200000,INVESTMENT PROFIT RETURN
6-May-25,COM INST AGOC,,243252,COMMISSION
6-May-25,MAID SALARY,,1500,SALARY
6-May-25,PAID TO HABIBULLAH,,1000000,LAND PAYMENT
6-May-25,MAINTANOUS OFFICE M/O MAY,,1500,OFFICE EXPENSE
6-May-25,CELLS FOR BELL,,270,OFFICE EXPENSE
6-May-25,BHOLARI SITE SHOWAR,,25000,SITE DEVELOPMENT EXPENSE
6-May-25,COM INST SANIA ZEHRA,,29800,COMMISSION
6-May-25,COM INST SAMAD,,64280,COMMISSION
6-May-25,COM INST FIVE STAR (ASAD),,114540,COMMISSION
6-May-25,VISIT SITE ,,10000,OFFICE EXPENSE
6-May-25,PTCL WIRE REPAIR WASEEM,,300,OFFICE EXPENSE
6-May-25,HIGHLIGHTER ORANGE & PINK,,160,OFFICE EXPENSE
6-May-25,OFC RENT,,81000,OFFICE EXPENSE
6-May-25,HABIBULLAH LUNCH,,3300,OFFICE EXPENSE
7-May-25,COMM RAEES,,1000000,COMMISSION
7-May-25,COMM RAEES,,670361,COMMISSION
7-May-25,REFUND MUTTAQUIE L-431,,10000,REFUND
7-May-25,RAZA PASSPORT,,9000,OFFICE EXPENSE
7-May-25,COMM INVEST WITH NZ ,,529200,COMMISSION
8-May-25,COMM INST SS.ASSOCIATES,,8560,COMMISSION
8-May-25,COMM INST SS.ASSOCIATES,,690000,COMMISSION
8-May-25,SHEIKH AMEEN M/O MAY-2025 ,,20000,COMMISSION
9-May-25,SAJID HUSSAIN TOPO GHARAPHY,,50000,SITE DEVELOPMENT EXPENSE
9-May-25,IRFAN & HAMZA SITE VISIT,,12000,OFFICE EXPENSE
9-May-25,SHAHID A-ONE BOUNDRY WALL,,500000,SITE DEVELOPMENT EXPENSE
9-May-25,DECORATION,,1000,OFFICE EXPENSE
9-May-25,RAFIQ SHORO,,100000,LAND PAYMENT
10-May-25,WATER BOTTLE ,,400,OFFICE EXPENSE
12-May-25,TEA,,300,OFFICE EXPENSE
12-May-25,PAID TO KAMRAN ASLAM,,100000,TOWN PLANNING
12-May-25,HOSPITAL VISIT ARSALAN DEALER,,4550,OFFICE EXPENSE
13-May-25,WATER BOTTLE,,300,OFFICE EXPENSE
13-May-25,COMM INST REALTOR,,67275,COMMISSION
13-May-25,TEA REFRESHMENT,,500,OFFICE EXPENSE
14-May-25,REFUND SHAHZAD L-311,,10000,REFUND
14-May-25,COMM INST AUN ASR,,9960,COMMISSION
14-May-25,AC SERVICE,,4500,OFFICE EXPENSE
14-May-25,MEDICANCE FOR OFC,,1290,OFFICE EXPENSE
14-May-25,COMM INST NAYAB,,4500,COMMISSION
14-May-25,COMM CASH FIVE STAR,,28800,COMMISSION
14-May-25,COMM INST DEALER ,,75848,COMMISSION
15-May-25,SUGAR,,350,OFFICE EXPENSE
16-May-25,SITE VISIT,,13100,OFFICE EXPENSE
16-May-25,CAR INSTALLMENT M/O APRIL 2025,,47000,LOAN
16-May-25,SAINA LOAN,,35000,LOAN
17-May-25,ELECTRITION AND BREAKER CHANGE,,2200,OFFICE EXPENSE
17-May-25,IRFAN BHAI SITE VISIT,,10000,OFFICE EXPENSE
17-May-25,STATIONERY,,10760,OFFICE EXPENSE
19-May-25,COMM INST ABBAS ,,43624,COMMISSION
19-May-25,COMM INST ZEHRA,,58950,COMMISSION
19-May-25,HABIBULLAH ,,100000,LAND PAYMENT
19-May-25,CHAIR,,8000,OFFICE EXPENSE
19-May-25,SALARY SHAFQAT M/O APRIL-MAY 2025,,10000,SALARY
19-May-25,RAZA PETROL,,500,OFFICE EXPENSE
19-May-25,TEA,,150,OFFICE EXPENSE
19-May-25,EVENT LUCKY DRAW GIFTS IRFAN BHAI ,,200000,OFFICE EXPENSE
19-May-25,DEALERS COMM,,350104,COMMISSION
19-May-25,SITE BORING,,300000,SITE DEVELOPMENT EXPENSE
19-May-25,SITE VISIT,,1800,OFFICE EXPENSE
20-May-25,COMM INST ABIRA,,8512,COMMISSION
20-May-25,DEALERS COMM,,202188,COMMISSION
20-May-25,WATER BOTTLES,,400,OFFICE EXPENSE
20-May-25,TEA,,200,OFFICE EXPENSE
20-May-25,STROM FIBER BILL,,3410,OFFICE EXPENSE
20-May-25,PTCL BILL,,5500,OFFICE EXPENSE
20-May-25,PAID TO HABIBULLAH BROTHER ALI DINO,,163500,LAND PAYMENT
20-May-25,TCS JAMSHORO,,440,OFFICE EXPENSE
21-May-25,PAID TO ALI DINO,,19000,SITE DEVELOPMENT EXPENSE
21-May-25,ELECTRIC BILL,,51300,OFFICE EXPENSE
21-May-25,EVENT  LUCKY DRAW CATERING ,,100000,OFFICE EXPENSE
21-May-25, EVENT LUCKY DRAW GIFT  WATCHES ,,10000,OFFICE EXPENSE
21-May-25, EVENT  LUCKY DRAW REHAN BHAI ,,100000,OFFICE EXPENSE
21-May-25,ROOM SPARY,,300,OFFICE EXPENSE
21-May-25,COMM INST AUN ASR,,5644,COMMISSION
22-May-25,COMM CASH ASAD,,57600,COMMISSION
22-May-25,EVENT LUCKY DRAW REHAN BHAI ,,300000,OFFICE EXPENSE
22-May-25,SHAFQAT BHAI FOR PRINTING ,,10000,OFFICE EXPENSE
22-May-25,TEA REFRESHMENT,,900,OFFICE EXPENSE
22-May-25,CARTIAGE REFILE,,400,OFFICE EXPENSE
23-May-25,EVENT LUCKY DRAW DECORATION & DINNINER,,319000,OFFICE EXPENSE
23-May-25,EVENT LUCKY DRAW RENT CAR,,23000,OFFICE EXPENSE
23-May-25,EVENT LUCKY DRAW CAMERAMAN,,40000,OFFICE EXPENSE
23-May-25,EVENT LUCKY DRAW RAFIQ FOR BAKRA & AJRAK,,50000,OFFICE EXPENSE
23-May-25,EVENT LUCKY DRAW WATCHES ,,27000,OFFICE EXPENSE
23-May-25,EVENT LUCKY DRAW RIKSHA RENT,,1500,OFFICE EXPENSE
23-May-25,BURING SITE,,70000,SITE DEVELOPMENT EXPENSE
24-May-25, EVENT LUCKY DRAW GIFT WATCHES ,,22000,OFFICE EXPENSE
24-May-25,DUR MUHAMMAD SITE,,15000,SITE DEVELOPMENT EXPENSE
24-May-25,WATER BOTTLE,,300,OFFICE EXPENSE
24-May-25,EVENT LUCKYDRAW RIKSHA RENT,,1400,OFFICE EXPENSE
24-May-25,TEA,,1300,OFFICE EXPENSE
24-May-25,EVENT LUCKYDRAW 3D ANIMATION LOGO PLUS ANIMATION POST,,15000,OFFICE EXPENSE
24-May-25,EVENT LUCKY DRAW SHAFQAT,,23950,OFFICE EXPENSE
26-May-25,BOUNDRY WALL,,500000,SITE DEVELOPMENT EXPENSE
27-May-25,WATER,,200,OFFICE EXPENSE
27-May-25,APPRICIATION TOKEN FOR STAFF,,70000,OFFICE EXPENSE
27-May-25,NEW MOUSE,,900,OFFICE EXPENSE
27-May-25,CARTIAGE REFILE,,400,OFFICE EXPENSE
27-May-25,SAJID HUSSAIN TOPO GHARAPHY,,50000,SITE DEVELOPMENT EXPENSE
27-May-25,HABIBULLAH LUNCH FRUITS COLDRINKS,,4010,OFFICE EXPENSE
27-May-25,SITE LABOUR,,20000,OFFICE EXPENSE
27-May-25,TEA REFRESHMENT FOR DEALERS,,1070,OFFICE EXPENSE
29-May-25,ARSALAN BHATTI,,50000,TOWN PLANNING
29-May-25,SIGNATURE TOWN PLAN,,20000,TOWN PLANNING
29-May-25,TEA,,150,OFFICE EXPENSE
29-May-25,QAUID E AZAM PHOTO FRAM,,2000,OFFICE EXPENSE
29-May-25,ARSALAN BHATTI LENTOR,,223000,TOWN PLANNING
29-May-25,RAZA ZIARAT TRIP,,100000,CHARITY
29-May-25,PAID TO HABIBULLAH ZAMEEN 2,,100000,LAND PAYMENT
30-May-25,EVENT LUCKYDRAW GIFT WATCHES,,10100,OFFICE EXPENSE
30-May-25,PAID TO COL HAMMAD RAZA,,600000,INVESTMENT RETURN
30-May-25,"TEABAG BOX,EVERY DAY 2PACK,GREENTEA",,20620,OFFICE EXPENSE
31-May-25,LUNCH M/O MAY,,22320,OFFICE EXPENSE
31-May-25,EVVELOP FOR BILAL PRINTING,,10000,OFFICE EXPENSE
31-May-25,KEY MAKING,,450,OFFICE EXPENSE
31-May-25,TEA,,640,OFFICE EXPENSE
1-Jun-25,HABIBULLAH ZAMEEN 1,,1000000,LAND PAYMENT
1-Jun-25,MAINTANOUS OFFICE M/O JUNE,,1500,OFFICE EXPENSE
1-Jun-25,WATER BOTTLE,,400,OFFICE EXPENSE
2-Jun-25,REFERESHMENT & TEA,,250,OFFICE EXPENSE
2-Jun-25,DRUM FOR SITE,,5600,SITE DEVELOPMENT EXPENSE
2-Jun-25,PAID TO SHAHID BOUNDRY WALL,,500000,SITE DEVELOPMENT EXPENSE
2-Jun-25,COMM INVEST WITH NZ ,,300000,COMMISSION
2-Jun-25,ARIF MEHDI PROFIT RETURN,,300000,INVESTMENT PROFIT RETURN
2-Jun-25,RAFIQUE HUSSAIN PROFIT RETURN,,200000,INVESTMENT PROFIT RETURN
2-Jun-25,HABIBULLAH ZAMEEN 1,,500000,LAND PAYMENT
2-Jun-25,COMM RAEES,,1000000,COMMISSION
2-Jun-25,IRFAN HAIDER LOAN,,300000,LOAN
2-Jun-25,PAID TO IRFAN HAIDER,,200000,SALARY
2-Jun-25,PAID TO REHAN HUSSAIN,,200000,SALARY
2-Jun-25,PAID TO  SAJJAD HUSSAIN,,200000,SALARY
2-Jun-25,CIGARETTE ASAD LUNCH,,1560,OFFICE EXPENSE
2-Jun-25,TEA,,200,OFFICE EXPENSE
3-Jun-25,MASI SALARY,,1500,SALARY
3-Jun-25,SHAHID BOUNDRY WALL,,500000,SITE DEVELOPMENT EXPENSE
3-Jun-25,TISSUE BOXES,,750,OFFICE EXPENSE
5-Jun-25,RAFIQ HUSSAIN SHORO ZAMEEN 2,,1000000,LAND PAYMENT
2-Jul-25,IRFAN HAIDER LOAN,,300000,LOAN
2-Aug-25,IRFAN HAIDER LOAN,,300000,LOAN
2-Sep-25,IRFAN HAIDER LOAN,,300000,LOAN
2-Oct-25,IRFAN HAIDER LOAN,,300000,LOAN
4-Jun-25,SALARY  ZEHRA M/O MAY-25,,45000,SALARY
4-Jun-25,SALARY ABIRA M/O MAY-25,,35000,SALARY
4-Jun-25,SALARY GHULAM ABBAS M/O MAY-25,,25000,SALARY
4-Jun-25,SALARY SANIA M/O MAY-2025,,23000,SALARY
4-Jun-25,SALARY ALI M/O MAY-2025,,22400,SALARY
4-Jun-25,SALARY RAZA M/O MAY 2025,,28000,SALARY
4-Jun-25,ABBAS BHAI LOAN,,5000,SALARY
4-Jun-25,ALI LOAN,,3000,SALARY
4-Jun-25,RAZA RASHAN,,3000,OFFICE EXPENSE
4-Jun-25,RAZA FOR CLEANING,,2000,OFFICE EXPENSE
4-Jun-25,PANAFLEX,,250,OFFICE EXPENSE
4-Jun-25,SUGAR & TISSUE,,830,OFFICE EXPENSE
4-Jun-25,TEA,,150,OFFICE EXPENSE
4-Jun-25,IRFAN BHAI CHARITY,,56000,CHARITY
4-Jun-25,ALI COMM ,,10370,COMMISSION
4-Jun-25,SANIA COMM,,49540,COMMISSION
4-Jun-25,ASAD COMM,,81000,COMMISSION
5-Jun-25,BREAKER & ELECTRITION FESS,,1000,OFFICE EXPENSE
4-Jun-25,PAID TO HABIBULLAH ZAMEEN 1,,500000,LAND PAYMENT
4-Jun-25,IRFAN REHAN & HAMZA EID ALLOWNCE,,300000,OFFICE EXPENSE
5-Jun-25,PAID TO HABIBULLAH ZAMEEN 1 ,,300000,LAND PAYMENT
5-Jun-25,BASHEER SALARY JUNE,,50000,SALARY
5-Jun-25,ARSALAN BHATTI LAYOUT REVISE,,250000,TOWN PLANNING
5-Jun-25,COMM AGOC ,,352800,COMMISSION
5-Jun-25,COMM SS.ASSOCIATES,,120915,COMMISSION
5-Jun-25,COMM SS.ASSOCIATES,,721800,COMMISSION
5-Jun-25,ALI APRIL COMM,,12230,COMMISSION
5-Jun-25,STAFF EIDII,,23000,OFFICE EXPENSE
10-Jun-25,SIGN BOARD ALLAH DITTA,,500000,SITE DEVELOPMENT EXPENSE
10-Jun-25,COMM INVEST WITH NZ ,,416850,COMMISSION
10-Jun-25,WATER BOTTLE,,300,OFFICE EXPENSE
10-Jun-25,ABBAS BHAI MEDICAL,,650,OFFICE EXPENSE
10-Jun-25,TEA BISCUITS KHARY FOR GUEST,,650,OFFICE EXPENSE
11-Jun-25,COMM RAEES MARKETING,,391615,COMMISSION
11-Jun-25,SHEIKH AMEEN M/O JUNE-2025 ,,20000,COMMISSION
11-Jun-25,SHEHNAZ ANTY M/O JUNE-2025,,5000,COMMISSION
11-Jun-25,COMM INS DEALEAR,,65369,COMMISSION
12-Jun-25,EVENT LUCKYDRAW GIFT BIKE ,,103000,OFFICE EXPENSE
12-Jun-25,EVENT LUCKYDRAW GIFT FAN ,,6000,OFFICE EXPENSE
12-Jun-25,COMM REALTOR ,,107460,COMMISSION
12-Jun-25,SITE BOARD REHAN,,150000,SITE DEVELOPMENT EXPENSE
12-Jun-25,METHAI,,790,OFFICE EXPENSE
12-Jun-25,TEA,,160,OFFICE EXPENSE
12-Jun-25,HAMNA LOAN LOGO NEW PROJECT,,10000,OTHERS
13-Jun-25,TCS BILL,,2690,OFFICE EXPENSE
13-Jun-25,PANAFLEX,,3600,OFFICE EXPENSE
13-Jun-25,OFC RENT,,81000,OFFICE EXPENSE
13-Jun-25,PTCL BILL,,5120,OFFICE EXPENSE
13-Jun-25,STROM FIBER,,3250,OFFICE EXPENSE
13-Jun-25,BORING SITE M.JAN,,200000,SITE DEVELOPMENT EXPENSE
10-Aug-25,BORING SITE M.JAN,,250000,SITE DEVELOPMENT EXPENSE
13-Jun-25,ARSALAN BATTI,,50000,TOWN PLANNING
14-Jun-25,WATER BOTTLE,,400,OFFICE EXPENSE
14-Jun-25,GUEST LUNCH,,2000,OFFICE EXPENSE
14-Jun-25,AUN ASR COMM,,4980,COMMISSION
16-Jun-25,STAFF LUNCH,,2560,OFFICE EXPENSE
16-Jun-25,DATA CABLE ,,250,OFFICE EXPENSE
16-Jun-25,LUCKY STAR CEMENT FOR SITE,,16200,OFFICE EXPENSE
16-Jun-25,COMM NAYAB,,4500,COMMISSION
16-Jun-25,TEA,,150,OFFICE EXPENSE
17-Jun-25,LABOUR SITE,,14000,SITE DEVELOPMENT EXPENSE
17-Jun-25,RAZA PETROL,,500,OFFICE EXPENSE
17-Jun-25,SALARY SHAFQAT M/O MAY-JUNE-25,,10000,SALARY
17-Jun-25,TEA,,100,OFFICE EXPENSE
17-Jun-25,MAP PRINTING,,1750,OFFICE EXPENSE
17-Jun-25,ARIF LUNNCH,,300,OFFICE EXPENSE
18-Jun-25,ADVANCE COMM FIVE STAR ASAD FOR NEW OFC,,25100,COMMISSION
18-Jun-25,K-ELECTRIC BILL,,43200,OFFICE EXPENSE
18-Jun-25,JUICE FOR GUEST,,400,OFFICE EXPENSE
18-Jun-25,SUGAR,,360,OFFICE EXPENSE
18-Jun-25,CAR INSTALLMENT,,47000,LOAN
18-Jun-25,TEA & REFRESHMENTS,,250,OFFICE EXPENSE
19-Jun-25,EVENT  RAEES LUCKY DRAW VOLCHERS GIFT 7 SLIPS,,44000,OFFICE EXPENSE
19-Jun-25,RAZA PERTOL,,300,OFFICE EXPENSE
19-Jun-25,REFIL CARTAGE,,400,OFFICE EXPENSE
19-Jun-25,TEA ,,250,OFFICE EXPENSE
19-Jun-25,RAZA BIKE REPARING,,700,OFFICE EXPENSE
19-Jun-25,CIGARETTE,,600,OFFICE EXPENSE
21-Jun-25,WATER BOTTLE,,300,OFFICE EXPENSE
21-Jun-25,STAFF LUNCH,,2180,OFFICE EXPENSE
21-Jun-25,TEA   REFRESHMENT,,480,OFFICE EXPENSE
23-Jun-25,RAZA FOR CLEANING,,2000,OFFICE EXPENSE
23-Jun-25,ARSALAN BHATTI,,50000,TOWN PLANNING
23-Jun-25,"TEA,CIGARETTE ,REFRESHMENT",,1040,OFFICE EXPENSE
24-Jun-25,NZ LUCKY DRAW VOLCHER TUFAIL/IQRA AMOUNT,,10000,OFFICE EXPENSE
24-Jun-25,QAYYUM IRFAN BHAI,,5000,OFFICE EXPENSE
24-Jun-25,DUSTBIN BAGES,,200,OFFICE EXPENSE
24-Jun-25,TEA ,,150,OFFICE EXPENSE
25-Jun-25,KUMAIL 3 DAYS TRIAL BASE,,3000,OFFICE EXPENSE
25-Jun-25,TEA,,200,OFFICE EXPENSE
26-Jun-25,HABIBULLAH WATER TANKER 4 LABOUR,,24500,SITE DEVELOPMENT EXPENSE
26-Jun-25,DEALERS COMM,,102040,COMMISSION
26-Jun-25,TEA,,160,OFFICE EXPENSE
26-Jun-25,WATER BOTTLE,,300,OFFICE EXPENSE
27-Jun-25,TEA & REFRESHMENTS,,560,OFFICE EXPENSE
30-Jun-25,DEPOSITE INTO BAHL,,1200000,OTHERS
28-Jun-25,TEA,,160,OFFICE EXPENSE
30-Jun-25,STANDY & PANAFLEX,,18000,OFFICE EXPENSE
30-Jun-25,WATER BOTTLE,,400,OFFICE EXPENSE
30-Jun-25,TEA REFRESHMENT,,600,OFFICE EXPENSE
30-Jun-25,LUNCH M/O JUNE,,13440,OFFICE EXPENSE
1-Jul-25,10 MAP PRINTING,,2500,OFFICE EXPENSE
1-Jul-25,MAINTANOUS OFFICE M/O JULY,,1500,OFFICE EXPENSE
1-Jul-25,NEW STAMPS ORIGINAL & DUPLICATE,,2600,OFFICE EXPENSE
2-Jul-25,HAMZA HAMMAD SALARY,,200000,SALARY
2-Jul-25,REHAN HUSSAIN,,200000,SALARY
2-Jul-25,IRFAN HAIDER,,200000,SALARY
2-Jul-25,SAJJAD HUSSAIN,,200000,SALARY
2-Jul-25,ARIF MEHDI,,300000,INVESTMENT RETURN
2-Jul-25,RAFIQUE HUSSAIN INVESTMENT PROFIT,,200000,INVESTMENT PROFIT RETURN
2-Jul-25,SITE SING BOARD REHANN,,200000,SITE DEVELOPMENT EXPENSE
2-Jul-25,RAZA BIKE NEW TIRE,,1700,OFFICE EXPENSE
4-Jul-25,SALARY  ZEHRA M/O JUNE-25,,45000,SALARY
4-Jul-25,SALARY ABIRA M/O JUNE-25,,35000,SALARY
4-Jul-25,SALARY GHULAM ABBAS M/O APR-25,,30000,SALARY
4-Jul-25,SALARY SANIA M/O JUNE-2025,,30000,SALARY
4-Jul-25,SALARY ALI M/O JUNE-2025,,20000,SALARY
4-Jul-25,SALARY RAZA M/O JUNE 2025,,28000,SALARY
4-Jul-25,RASHAN FOR RAZA,,3000,OFFICE EXPENSE
7-Jul-25,MASI SALARY,,1500,SALARY
7-Jul-25,WATER BOTTLE,,400,OFFICE EXPENSE
8-Jul-25,HABIBULLAH ZAMEEN 1,,200000,LAND PAYMENT
8-Jul-25,COMM RAEES MARKETING,,1267335,COMMISSION
8-Jul-25,COMM SS.ASSOCIATES,,636975,COMMISSION
8-Jul-25,COMM AGOC ,,270972,COMMISSION
8-Jul-25,COMM INVEST WITH NZ ,,547650,COMMISSION
8-Jul-25,SHEIKH AMEEN M/O JULY-2025 ,,20000,COMMISSION
8-Jul-25,SHEHNAZ ANTY M/O JULY-2025,,5000,COMMISSION
8-Jul-25,COMM ALI,,5580,COMMISSION
8-Jul-25,COMM SANIA,,65300,COMMISSION
8-Jul-25,STROM FIBER,,3246,OFFICE EXPENSE
8-Jul-25,CHUKIDAR SALARY ZAMEEN,,50000,COMMISSION
8-Jul-25,HABIBULLAH LUNCH,,3000,OFFICE EXPENSE
8-Jul-25,COMM SS.ASSOCIATES,,90000,COMMISSION
8-Jul-25,KIDS REFRESHMENT,,200,OFFICE EXPENSE
8-Jul-25,TEA,,600,OFFICE EXPENSE
9-Jul-25,ALI GUL BYMISTAKE TRANSCATION RETURN,,70000,REFUND
9-Jul-25,BREAKER BOSS ROOM,,500,OFFICE EXPENSE
9-Jul-25,SITE EXPENSE,,25000,OFFICE EXPENSE
9-Jul-25,TEA,,250,OFFICE EXPENSE
8-Jul-25,DEALERS COMM,,95309,COMMISSION
12-Jul-25,ZIARAT TRIP,,900000,OFFICE EXPENSE
10-Jul-25,BORING SITE M.JAN,,250000,SITE DEVELOPMENT EXPENSE
16-06-2025,HABIBULLAH ZAMEEN 1,,200000,LAND PAYMENT
24-06-25,SHAHID BOUNDRY WALL,,500000,SITE DEVELOPMENT EXPENSE
30-06-25,SHAHID BOUNDRY WALL,,683375,SITE DEVELOPMENT EXPENSE
10-Jul-25,COMM AUN ASR,,11950,COMMISSION
10-Jul-25,RAZA PERTROL,,500,OFFICE EXPENSE
10-Jul-25,FANS 2 & PERTROL,,19000,OFFICE EXPENSE
11-Jul-25,COMM DEALERS,,281654,COMMISSION
11-Jul-25,ARSALAN BHATTI COMM,,32880,COMMISSION
11-Jul-25,OFC RENT,,81000,OFFICE EXPENSE
11-Jul-25,REFRESHMENT,,1000,OFFICE EXPENSE
12-Jul-25,FANS 2,,18500,OFFICE EXPENSE
12-Jul-25,REFRESHMENT,,1290,OFFICE EXPENSE
12-Jul-25,"LIGHTS, WIRE, LABOUR",,6000,OFFICE EXPENSE
14-Jul-25,TEA,,150,OFFICE EXPENSE
15-Jul-25,SAJID HUSSAIN TOPO GRAPHY SURVEY,,50000,TOWN PLANNING
13-Sep-25,PAID TO HAIBIBULLAH ZAMEEN 1,,1000000,LAND PAYMENT
4-Sep-25,PAID TO ARSALAN BHATTI 100 ARC KHATA,,1500000,TOWN PLANNING
15-Jul-25,ARSALAN BHATTI NEW KHATA PURCHASE 58 ARC,,500000,TOWN PLANNING
15-Jul-25,NASHTA,,100,OFFICE EXPENSE
15-Jul-25,STAFF LUNCH,,1100,OFFICE EXPENSE
16-Jul-25,NASHTA,,300,OFFICE EXPENSE
16-Jul-25,HABIBULLAH ZAMIN 1,,200000,LAND PAYMENT
16-Jul-25,REFRESHMENT,,900,OFFICE EXPENSE
16-Jul-25,COMM REALTOR ONLINE,,81450,COMMISSION
17-Jul-25,NASHTA,,150,OFFICE EXPENSE
17-Jul-25,DEPOSITE INTO BAHL,,600000,OTHERS
17-Jul-25,PTCL BILL,,5150,OFFICE EXPENSE
18-Jul-25,FOR MEDIA HASHMEDIA,,30000,OTHERS
18-Jul-25,CAR INST,,47000,LOAN
19-Jul-25,NASHTA,,150,OFFICE EXPENSE
19-Jul-25,SALARY SHAFQAT M/O JUNE-JULY,,15000,SALARY
19-Jul-25,SITE VISIT,,3000,OFFICE EXPENSE
19-Jul-25,CELL FOR BELL,,150,OFFICE EXPENSE
19-Jul-25,SUGAR /MAX SPONCH,,450,OFFICE EXPENSE
21-Jul-25,COMPUTER RAM,,15000,OFFICE EXPENSE
21-Jul-25,MOUSE /CABLE,,800,OFFICE EXPENSE
21-Jul-25,EXTENSION WIRE,,1000,OFFICE EXPENSE
22-Jul-25,COMM SAMAD,,24000,COMMISSION
22-Jul-25,DIRECTOR TOWN PLANNING,,1000000,TOWN PLANNING
22-Jul-25,SING BOARD REHANN,,150000,SITE DEVELOPMENT EXPENSE
22-Jul-25,FOR SOTWARE TO ZEHRA,,25000,OFFICE EXPENSE
22-Jul-25,FOR SOTWARE TO ABIRA,,25000,OFFICE EXPENSE
22-Jul-25,FOR SOTWARE TO SANIA ,,10000,OFFICE EXPENSE
22-Jul-25,FOR SOTWARE TO ABBAS ,,10000,OFFICE EXPENSE
22-Jul-25,FOR SOTWARE TO GHULAM RAZA,,20000,OFFICE EXPENSE
22-Jul-25,SITE VISIT ,,10000,OFFICE EXPENSE
22-Jul-25,TEA,,160,OFFICE EXPENSE
22-Jul-25,ROOM SPARY,,300,OFFICE EXPENSE
22-Jul-25,WATER BOTTLE,,200,OFFICE EXPENSE
23-Jul-25,KEY MAKING OFC,,450,OFFICE EXPENSE
23-Jul-25,DEPOSITE INTO BAHL,,600000,OTHERS
23-Jul-25,FAHAD ASGHER SS.A LUCKY DRAW VOLCHER,,5000,OFFICE EXPENSE
23-Jul-25,TEA REFRESHMENT  & WATER BOTTLES,,950,OFFICE EXPENSE
23-Jul-25,MAP COATING,,300,OFFICE EXPENSE
23-Jul-25,TCS ARSALAN BHATTI,,310,OFFICE EXPENSE
24-Jul-25,COMM AUN ASR,,3320,COMMISSION
24-Jul-25,SAJJAD INVESTOR INVESTMENT RETURN,,1500000,INVESTMENT RETURN
24-Jul-25,AFROZ REFUND A-04/321,,14500,REFUND
24-Jul-25,TEA,,320,OFFICE EXPENSE
24-Jul-25,PAID TO GOHAR KHAN,,800000,SITE DEVELOPMENT EXPENSE
24-Jul-25,ADVANCE COMM SAQIB,,50000,COMMISSION
25-Jul-25,ELECTRIC BILL,,47330,OFFICE EXPENSE
25-Jul-25,COMPUTER REPAIR,,1200,OFFICE EXPENSE
25-Jul-25,TCS BILL,,760,OFFICE EXPENSE
25-Jul-25,REFRESHMENT,,700,OFFICE EXPENSE
25-Jul-25,COMM SAQIB,,26000,COMMISSION
26-Jul-25,NEW SYSTEM,,31290,OFFICE EXPENSE
26-Jul-25,TEA,,100,OFFICE EXPENSE
26-Jul-25,WATER BOTTLE,,400,OFFICE EXPENSE
26-Jul-25,JUICE FOR GUEST,,250,OFFICE EXPENSE
26-Jul-25,SHAN PANAFLEX,,8000,OFFICE EXPENSE
26-Jul-25,COMM NAYAB,,3000,COMMISSION
28-Jul-25,SAJID HUSSAIN  TOPO GRAPHY SURVEY,,30000,TOWN PLANNING
28-Jul-25,DEVELOPMENT WORKER SIKANDAR,,45700,SITE DEVELOPMENT EXPENSE
28-Jul-25,DEVELOPMENT WATER TANKER SHAKEEL,,20000,SITE DEVELOPMENT EXPENSE
28-Jul-25,"DEVELOPMENT IRFAN BHAI SITE VISIT & PURCHASE KITCHEN ,WASHROOM ACCESSORIES FOR SITE",,21200,SITE DEVELOPMENT EXPENSE
28-Jul-25,TEA,,240,OFFICE EXPENSE
29-Jul-25,ARSALAN BHATTI FOR NEW NOC,,200690,TOWN PLANNING
30-Jul-25,RAEES SHAHZAD R-04/191 REFUND & HAMZA L-1017 REFUND & LUCKY DRAW VOLCHER,,10000,REFUND
30-Jul-25,"EXTENSION BOARDS & HAMER ,FASTENERS (KELL)",,2450,OFFICE EXPENSE
31-Jul-25,DEVELOPMENT WORKER SIKANDAR,,27000,SITE DEVELOPMENT EXPENSE
31-Jul-25,"DEVELOPMENT REBAR (RODS,STEEL)",,90700,SITE DEVELOPMENT EXPENSE
31-Jul-25,DEVELOPMENT REBAR WORKER,,10000,SITE DEVELOPMENT EXPENSE
31-Jul-25,DEVELOPMENT BHOLARI SITE 3 TIMES VIST,,27100,SITE DEVELOPMENT EXPENSE
31-Jul-25,LUNCH M/O JULY,,19840,OFFICE EXPENSE
1-Aug-25,REHAN HUSSAIN,,200000,SALARY
1-Aug-25,IRFAN HAIDER,,200000,SALARY
1-Aug-25,HAMZA HAMMAD SALARY,,200000,SALARY
1-Aug-25,SAJJAD HUSSAIN,,200000,SALARY
6-Aug-25,ARIF MEHDI PROFIT RETURN,,300000,INVESTMENT PROFIT RETURN
1-Aug-25,RAFIQ HUSSAIN PROFIT RETURN,,200000,INVESTMENT PROFIT RETURN
1-Aug-25,COMM DEALERS,,297700,COMMISSION
6-Aug-25,COMM RAEES MARKETING,,1811175,COMMISSION
6-Aug-25,COMM AGOC MARKETING,,291960,COMMISSION
6-Aug-25,COMM SS.ASSOCIATES,,1195245,COMMISSION
2-Aug-25,COMM INVEST WITH NZ ,,903000,COMMISSION
1-Aug-25,SING BOARD REHANN,,80000,TOWN PLANNING
1-Aug-25,RAZA BIKE REPAIR,,1000,OFFICE EXPENSE
2-Aug-25,RAZA PETROL,,500,OFFICE EXPENSE
2-Aug-25,JUICE FOR GUEST,,500,OFFICE EXPENSE
2-Aug-25,TEA,,200,OFFICE EXPENSE
2-Aug-25,DEALERS COMM,,41417,COMMISSION
4-Aug-25,DEVELOPMENT SARDAR MUD( REETI),,52400,SITE DEVELOPMENT EXPENSE
4-Aug-25,DEVELOPMENT CEMENT,,30500,SITE DEVELOPMENT EXPENSE
4-Aug-25,SHAHID SING BOARD,,119500,SITE DEVELOPMENT EXPENSE
4-Aug-25,SALARY  ZEHRA M/O JULY-25,,50000,SALARY
4-Aug-25,SALARY ABIRA M/O JULY-25,,40000,SALARY
4-Aug-25,SALARY GHULAM ABBAS M/O JULY-25,,30000,SALARY
4-Aug-25,SALARY SANIA M/O JULY-2025,,28000,SALARY
4-Aug-25,SALARY ALI M/O JULY-2025,,10000,SALARY
4-Aug-25,SALARY RAZA M/O JULY 2025,,30000,SALARY
4-Aug-25,SALARY SAMEER M/O JULY 2025,,20000,SALARY
4-Aug-25,RAZA RASHAN,,3000,OFFICE EXPENSE
4-Aug-25,CLEANING,,2000,OFFICE EXPENSE
4-Aug-25,SHEIKH AMEEN M/O AUG-2025 ,,20000,COMMISSION
4-Aug-25,SHEHNAZ ANTY M/O AUG-2025,,5000,COMMISSION
4-Aug-25,MASI SALARY,,1500,SALARY
4-Aug-25,SLIP PAPER 30 DUNDLES,,17300,OFFICE EXPENSE
4-Aug-25,OFC RENT,,81000,OFFICE EXPENSE
5-Aug-25,"DEVELOPMENT REETI,SAJID LABOUR ,SITE EXPENSE ,LUNCH,TEA DRIVER",,18200,SITE DEVELOPMENT EXPENSE
5-Aug-25,MAINTANOUS OFFICE M/O AUG ,,1500,OFFICE EXPENSE
5-Aug-25,TEA,,300,OFFICE EXPENSE
5-Aug-25,HABIBULLAH FRUITS,,1450,OFFICE EXPENSE
5-Aug-25,CARTAIGE REFILE,,800,OFFICE EXPENSE
5-Aug-25,HABIBULLAH ZAMEEN 1,,2000000,LAND PAYMENT
10-Aug-25,RAFIQ AHMED ZAMEEN 2,,1000000,LAND PAYMENT
30-Jul-25,ARSALAN BHATTI NEW KHATA PURCHASE ,,500000,TOWN PLANNING
6-Aug-25,DEVELOPMENT BLOCK PAYMENT,,78400,SITE DEVELOPMENT EXPENSE
6-Aug-25,SUGAR ,,908,OFFICE EXPENSE
6-Aug-25,COMM REALTOR ONLINE,,101655,COMMISSION
8-Aug-25,"LUCKY DRAW VOLCHERS SALMA,ROCKY",,10000,OFFICE EXPENSE
8-Aug-25,WALLPAPER ,,30000,OFFICE EXPENSE
8-Aug-25,HAMNA LOAN SHAFQAT PRINTING,,600,OTHERS
9-Aug-25,WATER BOTTLE,,300,OFFICE EXPENSE
9-Aug-25,TEA,,150,OFFICE EXPENSE
9-Aug-25,SANIA COMM,,52250,COMMISSION
9-Aug-25,DEVELOPMENT EASYPAISA SITE STOOL,,15000,SITE DEVELOPMENT EXPENSE
9-Aug-25,LABOUR FOR WALLPAPERWORK,,7000,OFFICE EXPENSE
9-Aug-25,AUN ASR COMM,,4980,COMMISSION
11-Aug-25,SOAP,,420,OFFICE EXPENSE
11-Aug-25,DEVELOPMENT DETAIL IN VOLCHER,,179900,SITE DEVELOPMENT EXPENSE
11-Aug-25,BASHEER SALARY JULY,,50000,SALARY
12-Aug-25,CEMENT 15 BAGS,,23350,SITE DEVELOPMENT EXPENSE
13-Aug-25,14 AUG CELEBRATIONS,,6211,OFFICE EXPENSE
13-Aug-25,MOUSE FOR BAJI,,500,OFFICE EXPENSE
13-Aug-25,TPA COMM JAN TILL AUG-25,,243055,COMMISSION
13-Aug-25,COMM ABBAS BHAI,,31400,COMMISSION
16-Aug-25,WATER BOTTLE,,200,OFFICE EXPENSE
16-Aug-25,COMM ALI ,,7980,COMMISSION
16-Aug-25,MEDICAIN,,450,OFFICE EXPENSE
16-Aug-25,COMM SAMAD ,,14571,COMMISSION
16-Aug-25,COMM ARSALAN BHATTI,,11100,COMMISSION
18-Aug-25,LUCKYDRAW EVENT UMRAH GIFT R-04/337,,196000,OFFICE EXPENSE
18-Aug-25,REFUND NAWAZ ALI R-04/207,,12000,REFUND
18-Aug-25,CAR INST M/O AUG,,47000,LOAN
18-Aug-25,SAJJAD INVESTMENT RETURN NEW LAND,,1500000,INVESTMENT RETURN
19-Aug-25,DEPOSITE INTO BAHL,,700000,OTHERS
19-Aug-25,TISSUE+ROOMSPRAY,,1720,OFFICE EXPENSE
19-Aug-25,RAZA PETROL,,500,OFFICE EXPENSE
21-Aug-25,WATER BOTTLE,,300,OFFICE EXPENSE
21-Aug-25,SALARY SHAFQAT M/O JULY-AUG,,10000,SALARY
21-Aug-25,"DEVELOPMENT TANKER,SUR SAJID,LADDER,SIKANDER LABOUR ,FUEL",,69000,SITE DEVELOPMENT EXPENSE
22-Aug-25,DEVELOPMENT SIKANDER LABOUR 5 DAYS +CHARGES,,27880,SITE DEVELOPMENT EXPENSE
22-Aug-25,TEA,,400,OFFICE EXPENSE
23-Aug-25,TEA,,320,OFFICE EXPENSE
23-Aug-25,JUICE FOR GUEST,,300,OFFICE EXPENSE
25-Aug-25,WATER BOTTLE,,300,OFFICE EXPENSE
25-Aug-25,CARTAIGE REFILE,,500,OFFICE EXPENSE
25-Aug-25,DEALERS COMM,,240525,COMMISSION
25-Aug-25,ELECTRIC OFC,,57530,OFFICE EXPENSE
25-Aug-25,PTCL BILL,,5740,OFFICE EXPENSE
25-Aug-25,STROM FIBER BILL,,3410,OFFICE EXPENSE
25-Aug-25,GOHAR MASHALLAH FILLING STATION,,800000,SITE DEVELOPMENT EXPENSE
25-Aug-25,BUILDING MOTER MAINTANACE,,1000,OFFICE EXPENSE
25-Aug-25,SHAHID PRINTING HAMNA LAON,,200000,OTHERS
25-Aug-25,DVC CEMENT ,,29700,SITE DEVELOPMENT EXPENSE
25-Aug-25,DVC WINDOW DOOR,,69000,SITE DEVELOPMENT EXPENSE
26-Aug-25,REFRESHMENT,,500,OFFICE EXPENSE
26-Aug-25,SAMEER ALI PETROL,,500,OFFICE EXPENSE
27-Aug-25,TARGET ACHIVE BIKE TO SS.ASSOCIATES,,106000,OFFICE EXPENSE
27-Aug-25,SUGAR,,200,OFFICE EXPENSE
27-Aug-25,REFRESHMENT,,580,OFFICE EXPENSE
27-Aug-25,DEALERSHIP CARD PRINT,,100,OFFICE EXPENSE
27-Aug-25,COMM ASR AUN,,9980,COMMISSION
28-Aug-25,COMM SAMAD AUG,,12860,COMMISSION
28-Aug-25,TEA,,650,OFFICE EXPENSE
28-Aug-25,DINNER,,600,OFFICE EXPENSE
29-Aug-25,SAQIB LUNCH,,380,OFFICE EXPENSE
29-Aug-25,TEA,,450,OFFICE EXPENSE
29-Aug-25,MAP PRINTING,,980,OFFICE EXPENSE
29-Aug-25,DVC SIKANDAR & NAWAB SITE LABOUR,,30250,SITE DEVELOPMENT EXPENSE
29-Aug-25,RAZA,,1000,OFFICE EXPENSE
29-Aug-25,MAPPRINT,,1000,OFFICE EXPENSE
30-Aug-25,WATER BOTTLE,,300,OFFICE EXPENSE
30-Aug-25,SALARY RAZA M/O AUG,,30000,SALARY
30-Aug-25,RASHAN FOR RAZA,,3000,OFFICE EXPENSE
30-Aug-25,CLEANING & DUSTING,,2000,OFFICE EXPENSE
30-Aug-25,CAPCUT PAKAGE FOR MEDIA,,1200,OFFICE EXPENSE
30-Aug-25,RIKSHA RENT BHOLARI PRINTING,,1500,OFFICE EXPENSE
30-Aug-25,CARTIAGE REFILE,,500,OFFICE EXPENSE
30-Aug-25,MAP PRINTING,,500,OFFICE EXPENSE
30-Aug-25,"STATIONERY (PEN,HIGHLITERS,WHITO,CALCULATOR,PONCH MACHINE,PAPER BOX,A-4 RIM,STEPLER PINS,BOX FILES SMALL,LARGE,PAPER WEIGHT,STAMP INK ETC)",,15860,OFFICE EXPENSE
30-Aug-25,TEA,,150,OFFICE EXPENSE
30-Aug-25,LUNCH M/O AUG,,11060,OFFICE EXPENSE
1-Sep-25,M.HASSAN REFUND R-05/152,,175000,REFUND
1-Sep-25,REHAN HUSSAIN,,200000,SALARY
1-Sep-25,IRFAN HAIDER,,200000,SALARY
1-Sep-25,HAMZA HAMMAD SALARY,,200000,SALARY
1-Sep-25,SAJJAD ALI,,200000,SALARY
1-Sep-25,KAMRAN ASLAM MAP DESIGNER,,200000,TOWN PLANNING
1-Sep-25,BREAKFAST SHAMI KAPOOR & TEAM,,810,OFFICE EXPENSE
1-Sep-25,NEW LASER TONER & CARTIAGE REFIL,,7500,OFFICE EXPENSE
1-Sep-25,WASHROOM ACCESSORIES (BALTI & MUG),,1000,OFFICE EXPENSE
1-Sep-25,REFRESHMENT & TEA,,750,OFFICE EXPENSE
2-Sep-25,REFRESHMENT & CAKE TEA,,500,OFFICE EXPENSE
3-Sep-25,METHAI,,1260,OFFICE EXPENSE
3-Sep-25,HABIBULLAH ZAMEEN 1,,2000000,LAND PAYMENT
3-Sep-25,RAFIQ AHMED ZAMEEN 2,,1000000,LAND PAYMENT
3-Sep-25,DVC CEMENT 12 BAGS,,23050,SITE DEVELOPMENT EXPENSE
3-Sep-25,STAFF LUNCH,,2900,OFFICE EXPENSE
3-Sep-25,"REFUND REHANA & RAFIQUE L-75,R-04/80",,36500,REFUND
3-Sep-25,BASHEER SALARY M/O AUG,,50000,SALARY
3-Sep-25,MAINTANOUS,,1500,OFFICE EXPENSE
3-Sep-25,"HABIBULLAH LUNCH,FRUIT,RISEK SACHA",,2290,OFFICE EXPENSE
3-Sep-25,TEA,,560,OFFICE EXPENSE
4-Sep-25,MATWALI SHAH WEAR HOUSE SITE ROOF,,225220,SITE DEVELOPMENT EXPENSE
4-Sep-25,COMM RAEES MARKETING,,1500000,COMMISSION
4-Sep-25,SALARY  ZEHRA M/O JULY-25,,50000,SALARY
4-Sep-25,SALARY ABIRA M/O aug-25,,35000,SALARY
4-Sep-25,SALARY GHULAM ABBAS M/O JULY-25,,30000,SALARY
4-Sep-25,SALARY SANIA M/O JULY-2025,,28000,SALARY
4-Sep-25,SALARY SAMEER M/O JULY 2025,,40000,SALARY
4-Sep-25,DVC SIKANDAR LABOUR,,24240,OFFICE EXPENSE
5-Sep-25,DECORATION,,860,OFFICE EXPENSE
5-Sep-25,"CAKE,ROTI  & DRINKS",,2480,OFFICE EXPENSE
5-Sep-25,WATER BOTTLE,,120,OFFICE EXPENSE
5-Sep-25,TEA,,650,OFFICE EXPENSE
5-Sep-25,DVC TANKER WATER ON SITE,,8000,SITE DEVELOPMENT EXPENSE
5-Sep-25,STAFF EIDI,,10000,OFFICE EXPENSE
8-Sep-25,COMM RAEES MARKETING,,1094093,COMMISSION
8-Sep-25,COMM NZ,,387600,COMMISSION
8-Sep-25,COMM AGOC,,135936,COMMISSION
8-Sep-25,COMM SS.ASSOCIATES,,1324145,COMMISSION
8-Sep-25,REALTORONLINE,,75735,OFFICE EXPENSE
8-Sep-25,ARIF MEHDI INVESTMENT RETURN,,300000,TOWN PLANNING
8-Sep-25,ARSALAN BHATTI 100 ACR KHATA,10421832,500000,TOWN PLANNING
8-Sep-25,ARSALAN BHATTI NOC UNOFFICIAL,,200000,TOWN PLANNING
8-Sep-25,MASI SALARY,,1500,OFFICE EXPENSE
8-Sep-25,"CROCKERY , HANDWASH,HAND SANITIZER",,7330,OFFICE EXPENSE
8-Sep-25,TEA,,150,OFFICE EXPENSE
8-Sep-25,MAP PRINTING,,1000,OFFICE EXPENSE
9-Sep-25,"SHAHID PRINTING GB BAGS,GB LETTERHEAD",,234000,OFFICE EXPENSE
9-Sep-25,WATER BOTTLE,,300,OFFICE EXPENSE
9-Sep-25,OFC RENT M/O SEP-25,,81000,OFFICE EXPENSE
9-Sep-25,SUGAR,,200,OFFICE EXPENSE
9-Sep-25,TEA,,240,OFFICE EXPENSE
10-Sep-25,STAFF LUNCH,,2330,OFFICE EXPENSE
10-Sep-25,RIKSHA RENT ZEHRA ABIRA,,2100,OFFICE EXPENSE
10-Sep-25,EVERYDAY POUCH,,1600,OFFICE EXPENSE
11-Sep-25,METHAI,,1480,OFFICE EXPENSE
15-Sep-25,KAMRAN ASLAM HAMNA LOAN ART SIGNATURE  ,,300000,OTHERS
15-Sep-25,KAMRAN ASLAM MAP HAMNA  LOAN,,150000,OTHERS
12-Sep-25,TCS,,500,OFFICE EXPENSE
13-Sep-25,DEALER COMM ,,36926,COMMISSION
13-Sep-25,COMM ALI ,,13570,COMMISSION
13-Sep-25,CIGARETTE,,850,OFFICE EXPENSE
13-Sep-25,"FAHAD REFUND R-5/219,A-04/357,L-966",,25250,REFUND
15-Sep-25,CAR INST,,47000,LOAN
15-Sep-25,SHENAZ ANTI M/O  SEP-25,,5000,COMMISSION
15-Sep-25,SHEIKH AMEEN M/O SEP-2025 ,,20000,COMMISSION
15-Sep-25,TABEL MATES,,250,OFFICE EXPENSE
15-Sep-25,"JUICE,PITEZ,TEA",,790,OFFICE EXPENSE
15-Sep-25,STEPLLER,,900,OFFICE EXPENSE
15-Sep-25,SALARY MUNEEB SOCIAL MEDIA,,30000,SALARY
16-Sep-25,COMM AUN ASR,,6640,COMMISSION
16-Sep-25,MEDICAIN CALCI,,400,OFFICE EXPENSE
17-Sep-25,STAMPAPER,,250,OFFICE EXPENSE
17-Sep-25,TCS BILL,,1554,OFFICE EXPENSE
17-Sep-25,CARTIAGE REFILE,,1500,OFFICE EXPENSE
17-Sep-25,TEA,,200,OFFICE EXPENSE
17-Sep-25,ZAFAR SOFTWARE,,20000,OTHERS
17-Sep-25,"COMPUTER NEW,PRINTER & RENT",,90500,OFFICE EXPENSE
18-Sep-25,SHINE STAR ACCOUNT OPENING,,10000,OFFICE EXPENSE
18-Sep-25,COMM ARSALAN BHATTI,,5000,COMMISSION
18-Sep-25,DEALERS COMM,,468918,COMMISSION
18-Sep-25,SANIA COMM,,84640,COMMISSION
18-Sep-25,FIVESTAR COMM,,50400,COMMISSION
18-Sep-25,PETROL VISIT SITE,,10000,OFFICE EXPENSE
18-Sep-25,COMM GLOBE,,63080,COMMISSION
18-Sep-25,COMM SQ,,31540,COMMISSION
18-Sep-25,COMM MOHSIN,,8300,COMMISSION
18-Sep-25,COMM NAEEM,,10620,COMMISSION
18-Sep-25,COMM WHITEGOLD,,48600,COMMISSION
18-Sep-25,COMM ABBAS BHAI,,41762,COMMISSION
18-Sep-25,COMM DEALER IR,,129480,COMMISSION
18-Sep-25,DEALER COMM ,,76846,COMMISSION
18-09-2025,EXTENSION WIRE TWO,,2000,OFFICE EXPENSE
18-09-2025,COMM HAMZA JUNE JULY AUG,,292950,COMMISSION
18-09-2025,TCS HAMZA BHAI,,880,OFFICE EXPENSE
19-09-2025,PTCL BILL,,5020,OFFICE EXPENSE
19-09-2025,STROM FIBER BILL,,3500,OFFICE EXPENSE
19-09-2025,BASHEER ADVANCE SALARY SEP,,10000,SALARY
19-09-2025,STAM PAPER,,1500,OFFICE EXPENSE
19-09-2025,SHAFQAT SALARY AUG-SEP,,10000,SALARY
19-09-2025,GUEST LUNCH HAMZA DEALER,,1500,OFFICE EXPENSE
19-09-2025,STATIONERY STEPLLER PINS REGISTER & PETROL,,2000,OFFICE EXPENSE
19-09-2025,EXCUTIVE ENG.HESCO KOTRI P.ORDER,,860000,TOWN PLANNING
19-09-2025,REVENUE OFFICER HASCO KOTRI,,650430,TOWN PLANNING
20-09-2025,TEA AND JUICE,,970,OFFICE EXPENSE
22-Sep-25,WATER BOTTLE,,400,OFFICE EXPENSE
22-Sep-25,"CARTIAGE REFILE,BLADE CHANGE",,1300,OFFICE EXPENSE
22-Sep-25,RAZA SON OPERATION ,,20000,CHARITY
22-Sep-25,NEW BIG EXTENTION WIRE,,1500,OFFICE EXPENSE
22-Sep-25,ELECTRIC OFC BILL,,40700,OFFICE EXPENSE
22-Sep-25,"SITE VISIT IRFAN PETROL,TOLL,LUNCH METHAI",,13700,OFFICE EXPENSE
22-Sep-25,CIGARETTE,,850,OFFICE EXPENSE
23-Sep-25,BIKE PAYMENT TO NZ FROM TARIQ,,105000,OFFICE EXPENSE
24-Sep-25,"REFUND RAEES L-1019,R-04/323,L-653",,16500,REFUND
24-Sep-25,HABIULLAH Z.1,,500000,LAND PAYMENT
24-Sep-25,GOHAR SITE CONSTRUCTION,,800000,SITE DEVELOPMENT EXPENSE
24-Sep-25,SAJID TOPOGRAPHY,,50000,TOWN PLANNING
24-Sep-25,TEA & WATER,,400,OFFICE EXPENSE
24-Sep-25,GUEST LUNCH,,250,OFFICE EXPENSE
24-Sep-25,"PAID TO IRFAN PETROL,TOLL,LUNCH,VISIT TO KOTRI OFC",,9150,OFFICE EXPENSE
25-Sep-25,TEA,,480,OFFICE EXPENSE
25-Sep-25,AFFIDAFIT STAMP PAPER,,300,OFFICE EXPENSE
25-Sep-25,RIKSHA RENT BHOLARI FOAMS,,800,OFFICE EXPENSE
26-Sep-25,COMM NAYAB,,6000,COMMISSION
26-Sep-25,PAYAM FOUNDATION PROGRAM FOR UMRAH,,80000,CHARITY
27-Sep-25,HAMZA HAMMAD ZIARAT TRIP,,300000,OTHERS
29-Sep-25,TOWEL WASH,,160,OFFICE EXPENSE
29-Sep-25,"MAX,SCRUB,AIR FRESHNER,TISSUE,SUGAR",,2010,OFFICE EXPENSE
29-Sep-25,COMM AUN ASR,,6000,COMMISSION
29-Sep-25,SIGNBOARD REHANN,,25000,SITE DEVELOPMENT EXPENSE
29-Sep-25,TEA & PITEZ,,970,OFFICE EXPENSE
29-Sep-25,HAMNA LOAN STAMP,,1100,OTHERS
30-Sep-25,"TEA 2 CTN 1200,GREEN TEA 1 CTN 24BOX, EVERYDAY 2 BAGS",,21420,OFFICE EXPENSE
30-Sep-25,APPLICATION FOAM BHOLARI PRINTING,,75000,OFFICE EXPENSE
30-Sep-25,LUNCH M/O SEP-25,,8240,OFFICE EXPENSE
1-Oct-25,SALES CERTIFICATE ARSALAN  OF NOC,,100000,TOWN PLANNING
1-Oct-25,BHATTI LUNCH,,500,OFFICE EXPENSE
1-Oct-25,IRFAN HAIDER SALARY M/O SEP,,200000,SALARY
1-Oct-25,REHHAN HUSSAIN SALARY M/O SEP,,200000,SALARY
1-Oct-25,TEA,,400,OFFICE EXPENSE
2-Oct-25,RAZA SALARY M/O SEP,,30000,SALARY
2-Oct-25,CLEANING & DUSTING,,2000,OFFICE EXPENSE
2-Oct-25,RAZA FOR RASHAN,,3000,OFFICE EXPENSE
2-Oct-25,SAMEER SALARY M/O SEP,,40000,SALARY
2-Oct-25,ALIZAY SALARY M/O SEP,,11700,SALARY
2-Oct-25,MAISAM SALARY M/O SEP,,4000,SALARY
2-Oct-25,SANIA SALARY M/O SEP,,28000,SALARY
2-Oct-25,ABIRA SALARY M/O SEP,,35000,SALARY
2-Oct-25,ABBAS SALARY M/O SEP,,30000,SALARY
2-Oct-25,ZEHRA SALARY M/O SEP,,50000,SALARY
2-Oct-25,CARTIAGE REFILE,,1000,OFFICE EXPENSE
2-Oct-25,HABIBULLAH LUNCH,,1200,OFFICE EXPENSE
2-Oct-25,HABIBULLAH ZAMEEN 1,,100000,LAND PAYMENT
2-Oct-25,REFRESHMENT,,780,OFFICE EXPENSE
2-Oct-25,HABIBULLAH ZAMEEN.1,,2000000,LAND PAYMENT
3-Oct-25,MAID SALARY,,1500,SALARY
3-Oct-25,TEA,,260,OFFICE EXPENSE
4-Oct-25,METHAI,,1300,OFFICE EXPENSE
4-Oct-25,WATER BOTTLE,,400,OFFICE EXPENSE
4-Oct-25,DRUM CHANGE AND CARTAIGE REFILE,,1700,OFFICE EXPENSE
4-Oct-25,HAMNA LOAN PRINTING A4 SIZE ENVELOP,,68500,OTHERS
4-Oct-25,SHAFQAT,,4650,OFFICE EXPENSE
4-Oct-25,ZAFAR SOFTWARE,,20000,OTHERS
4-Oct-25,ZEHRA AND ABIRA SUNDAY'S & OVERTIME,,36000,OFFICE EXPENSE
4-Oct-25,TEAN & GUEST JUICE,,300,OFFICE EXPENSE
4-Oct-25,MAINTANACE,,1500,OFFICE EXPENSE
6-Oct-25,WATER BOTTLE,,100,OFFICE EXPENSE
6-Oct-25,GUEST LUNCH,,2100,OFFICE EXPENSE
6-Oct-25,SIR RETURN AND PAID TO ARSALAN BHATTI 100 ACR,,1500000,SITE DEVELOPMENT EXPENSE
6-Oct-25,RAFIQUE AHMED ZAMEEN 2,,1000000,LAND PAYMENT
6-Oct-25,BASHEER  SALARY M/O SEP,,40000,SALARY
6-Oct-25,MUBARAK BHAI SALARY M/O SEP,,50000,SALARY
6-Oct-25,SITE BILL MUBARAK,,20320,SITE DEVELOPMENT EXPENSE
7-Oct-25,TEA,,560,OFFICE EXPENSE
7-Oct-25,TISSUE ROOM SPRAY,,750,OFFICE EXPENSE
8-Oct-25,WATER BOTTLE,,300,OFFICE EXPENSE
8-Oct-25,ASR AUN COMM,,9960,COMMISSION
8-Oct-25,4 BOTTLE WATER,,320,OFFICE EXPENSE
8-Oct-25,TEA & BISCUITS,,550,OFFICE EXPENSE
8-Oct-25,GUEST LUNCH REFRESHMENT,,520,OFFICE EXPENSE
9-Oct-25,TEA FRIES,,300,OFFICE EXPENSE
9-Oct-25,REFRESHMENT FOR GUESTS,,480,OFFICE EXPENSE
9-Oct-25,COMM INVEST WITH NZ M/O SEP-25,,779200,COMMISSION
9-Oct-25,COMM SS.ASSOCIATES M/O SEP-25,,1851165,COMMISSION
9-Oct-25,SYED ARIF MEHDI PROFIT INVESTMENT,,200000,INVESTMENT PROFIT RETURN
10-Oct-25,COMM RAEES M/O SEP-25,,1500000,COMMISSION
10-Oct-25,COMM RAEES M/O SEP-25,,1572076,COMMISSION
10-Oct-25,site visit irfan lunch chukidar exp,,3300,SITE DEVELOPMENT EXPENSE
10-Oct-25,HANMNA LOAN SOCIAL MEDIA MUNEEB,,50000,OTHERS
10-Oct-25,WATER BOTTLE,,300,OFFICE EXPENSE
11-Oct-25,ARSALAN BHATTI 100 ACR KHATA,,1500000,TOWN PLANNING
11-Oct-25,SHAFQAT SALARY SEP,,10000,SALARY
11-Oct-25,DEALERS COMM,,291360,COMMISSION
13-Oct-25,CAR INSTALLMENT,,47000,LOAN
13-Oct-25,COMM REALTORONLINE M/O SEP-25,,70200,COMMISSION
13-Oct-25,HAMZA HAMMAD SALARY ,,200000,SALARY
13-Oct-25,SAJJAD HUSSAIN SALARY,,200000,SALARY
13-Oct-25,OFC  M/O SEP,,81000,OFFICE EXPENSE
13-Oct-25,COMM AGOC MA M/O SEP-25,,96192,COMMISSION
13-Oct-25,ABDULLAH COMM,,34200,COMMISSION
13-Oct-25,ABBAS COMM,,38300,COMMISSION
13-Oct-25,TEA & CAKE,,700,OFFICE EXPENSE
14-Oct-25,SHENAZ ANTI M/O  OCT-25,,5000,COMMISSION
14-Oct-25,SHEIKH AMEEN M/O OCT-2025 ,,20000,COMMISSION
14-Oct-25,DEALERS COMM,,31000,COMMISSION
14-Oct-25,SAMAD COMM,,12860,COMMISSION
14-Oct-25,BHATTI COMM,,16500,COMMISSION
14-Oct-25,NAYAB COMM,,6000,COMMISSION
14-Oct-25,"REFUND TO SS.A A-04/39,A-04/74",,11000,REFUND
14-Oct-25,GUEST LUNCH TEA REFRESHMENT ,,2000,OFFICE EXPENSE
15-Oct-25,HABIBULLAH ZAMEEN.1,,1000000,LAND PAYMENT
15-Oct-25,"HABIBULLAH ZAMEEN .1/RAFIQ,M.ALI",,200000,LAND PAYMENT
15-Oct-25,ARSALAN BHATTI SALE CERTIFICATE,,1000000,TOWN PLANNING
15-Oct-25,RAFIQUE AHMED ZAMEEN 2,,1000000,LAND PAYMENT
15-Oct-25,CHAIR,,9000,OFFICE EXPENSE
15-Oct-25,CELL,,400,OFFICE EXPENSE
15-Oct-25,GUEST LUNCH,,880,OFFICE EXPENSE
15-Oct-25,SEHAR L-294 REFUND RAEES,,6500,REFUND
15-Oct-25,INDRIVE ZEHRA,,480,OFFICE EXPENSE
16-Oct-25,HAMNA LOAN MAP PRINTS,,1500,OTHERS
16-Oct-25,SITE SING BOARD WELDING,,50000,SITE DEVELOPMENT EXPENSE
16-Oct-25,MUBARAK BHAI SITE ACCESSORIES,,21760,SITE DEVELOPMENT EXPENSE
16-Oct-25,ELECTRIC BILL,,51900,OFFICE EXPENSE
16-Oct-25,TARGET ACHIVE BIKE TO RAEES,,105000,OFFICE EXPENSE
16-Oct-25,"NASIR R-04/250,DEEPAK A-04/100 LUCKY DRAW VOLCHER NZ",,10000,OFFICE EXPENSE
17-Oct-25,GOHAR KHAN SITE CONSTRUCTION,,1500000,SITE DEVELOPMENT EXPENSE
17-Oct-25,CARTAGE REFIL 3,,1500,OFFICE EXPENSE
18-Oct-25,SUGAR,,200,OFFICE EXPENSE
18-Oct-25,"MEDICAIN PANADOL,ARINAC",,660,OFFICE EXPENSE
18-Oct-25,NEW PRINTER,,37000,OFFICE EXPENSE
18-Oct-25,"MOUSE,MOUSE MATE, FULE",,800,OFFICE EXPENSE
20-Oct-25,STROM FIBER BILL,,3600,OFFICE EXPENSE
20-Oct-25,PTCL BILL,,5000,OFFICE EXPENSE
20-Oct-25,TCS BILL,,1560,OFFICE EXPENSE
20-Oct-25,DUSTBIN & GARBAGE BAG,,800,OFFICE EXPENSE
20-Oct-25,SING BOARD REHANN,,30000,SITE DEVELOPMENT EXPENSE
20-Oct-25,SUZUKI & GENERATOR,,10000,OFFICE EXPENSE
20-Oct-25,M.ZUBAIR REFUND R-05/235 ZAMEEN,,13500,REFUND
21-Oct-25,CARTIAGE RAFILE,,1000,OFFICE EXPENSE
22-Oct-25,WATER BOTTLE,,800,OFFICE EXPENSE
22-Oct-25,BASHEER ADVANCE SALARY OCT,,50000,SALARY
22-Oct-25,PETROL VISIT SITE,,10000,OFFICE EXPENSE
22-Oct-25,HABIBULLAH ZAMEEN 1,,1000000,LAND PAYMENT
22-Oct-25,SAMEER LOAN,,110000,LOAN
23-Oct-25, FOR SITE MUBARK GENERATOR,,2700,OFFICE EXPENSE
23-Oct-25,CALL PACKAGE FOR CALLING MOB,,750,OFFICE EXPENSE
23-Oct-25,REFUND AYAZ ALI SOOMRO R-04/431 SS.A ,,4000,REFUND
23-Oct-25,HAMNA LOAN USB,,1000,OFFICE EXPENSE
23-Oct-25,ARSALAN BHATTI BOUNDRY WALL 50 ACR SALECERTIFICATE,,1000000,TOWN PLANNING
23-Oct-25,TEA & WATER,,520,OFFICE EXPENSE
24-Oct-25,SITE EXPENSE BILL ,,25420,SITE DEVELOPMENT EXPENSE
24-Oct-25,SITE BAKRA CUTTING,,32520,OFFICE EXPENSE
24-Oct-25,RIM & RECEPT PAPER,,40000,OFFICE EXPENSE
25-Oct-25,TEA PANI,,400,OFFICE EXPENSE
25-Oct-25,SING BOARD INSTALLATION AND SITE VISIT EXP,,53000,SITE DEVELOPMENT EXPENSE
27-Oct-25,HABIBULLAH LUCH AND FRUITES,,2000,OFFICE EXPENSE
27-Oct-25,RAEES TARGET ACHIVE BIKE,,105000,OFFICE EXPENSE
27-Oct-25,WATER BOTTLE,,400,OFFICE EXPENSE
27-Oct-25,REFUND SADAF SHAZIA SHERYAR,,21500,REFUND
27-Oct-25,HABIBULLAH ZAMEEN 1,,1300000,LAND PAYMENT
27-Oct-25,TOKEN MONEY OF NEW OFC,,100000,OFFICE EXPENSE
28-Oct-25,TEA BISCUITS,,250,OFFICE EXPENSE
28-Oct-25,RAZA SLPPERS,,5100,OFFICE EXPENSE
28-Oct-25, NOV ADV SALARY IRFAN,,200000,SALARY
28-Oct-25,CAR LOAN IRFAN,,600000,LOAN
28-Oct-25,ARSALAN FOR SALE REGISTRATION CERTIFAATE,,1000000,TOWN PLANNING
29-Oct-25,WIRE,,550,OFFICE EXPENSE
31-10-2025,ARSALAN BHATTI 100 ACR SALE CERTIFICATE,,2500000,TOWN PLANNING
31-10-2025,RAZA BIKE MAINTANOUS ,,1500,OFFICE EXPENSE
31-10-2025,LUNCH M /O OCT ,,12410,SALARY
1-Nov-25,SALARY ABBAS BHAI M/0 SEP -2025,,30000,SALARY
1-Nov-25,SALARY SHAFQAT M/O SEP-2025,,10000,SALARY
1-Nov-25,SALARY MAISAM ,,35000,SALARY
1-Nov-25,SALARY SAMEER   ,,30000,SALARY
1-Nov-25,SALARY ZEHRA,,50000,SALARY
1-Nov-25,SALARY RAZA ,,30000,SALARY
1-Nov-25,RAZA OFS CLEANING AND RASHAN ,,5000,OFFICE EXPENSE
1-Nov-25,SALARY ABIRA ,,35000,SALARY
1-Nov-25,SALARAY ZARMEEN ,,22000,SALARY
1-Nov-25,SALARY SARA,,19000,SALARY
1-Nov-25,SALARAY SHAN ,,15000,SALARY
1-Nov-25,SALARY HUSSAIN ,,5340,SALARY
1-Nov-25,SALARY MUBARAK BHAI ,,50000,SALARY
3-Nov-25,NEW OFC ADVANCE,,900000,OFFICE EXPENSE
4-Nov-25,MAP BASKET ,,1000,OFFICE EXPENSE
4-Nov-25,TCS BILL ,,1825,OFFICE EXPENSE
4-Nov-25,MAP PRINT AND PHOTO COPY ,,750,OFFICE EXPENSE
4-Nov-25,TISSUE SHOPPER /WATER /SUGAR ,,1200,OFFICE EXPENSE
4-Nov-25,CARTAGE REFIL 5,,2500,OFFICE EXPENSE
4-Nov-25,BULIDING MAINTAINOUS ,,1500,OFFICE EXPENSE
4-Nov-25,SALARY MASI ,,1500,SALARY
4-Nov-25,OFFICE RENT M / O NOV 2025,,81000,OFFICE EXPENSE
4-Nov-25,REHAN SIGN BOARD ,,40000,SITE DEVELOPMENT EXPENSE
4-Nov-25,SITE EXPENSE BILL MUBARAK ,,21960,OFFICE EXPENSE
4-Nov-25,SAJJAD HUSSAIN INVESTMENT RETURN,,1500000,INVESTMENT RETURN
4-Nov-25,SALARY SAJJAD M/O SEP,,200000,SALARY
4-Nov-25,REFRESHMENT HABIBULLAH ,,2240,OFFICE EXPENSE
6-Nov-25,MUBARAK BHAI FOR NOV EXPENSE ADV ,,50000,SITE DEVELOPMENT EXPENSE
6-Nov-25,COMM SANIA M/O OCT & SALARY ,,129635,COMMISSION
6-Nov-25,COMM WHIT GOLD OCT 2025,,3000,COMMISSION
6-Nov-25,COMM ONE GLOBE OCT 2025,,4980,COMMISSION
6-Nov-25,COMM SAQIB OCT 2025,,11620,COMMISSION
6-Nov-25,WILADAT MITHAI REHMAT SHERI ,,1880,OFFICE EXPENSE
6-Nov-25,MAP PRINT 5,,800,OFFICE EXPENSE
6-Nov-25,NEW OFC RUNNIG RENT,,275000,OFFICE EXPENSE
6-Nov-25,MAP PRINT 10,,4000,OFFICE EXPENSE
6-Nov-25,COMM SS.A M/O SEP-25,,2251208,COMMISSION
6-Nov-25,COMM AGOC MARKETING,,430416,COMMISSION
6-Nov-25,HAMNA LOAN  STAMP 3 ,,2400,OTHERS
6-Nov-25,REHAN HUSSAIN SALARY SEP-25,,200000,SALARY
6-Nov-25,HAMZA HAMMAD SALARY,,200000,SALARY
6-Nov-25,HAMMAD RAZA SHAH SALARY M/O SEP-25,,280000,SALARY
6-Nov-25,COMM INVEST WITH NZ,,1291124,COMMISSION
7-Nov-25,GIFT COL HAMMAD RAZA ,,720000,OTHERS
10-Nov-25,COMM ABBAS M/O OCT 2025,,209000,COMMISSION
10-Nov-25,ARSALAN BHATTI 100 ARC KHATTA,,2000000,LAND PAYMENT
10-Dec-25,ARSALAN BHATTI 100 ARC KHATTA,,2000000,LAND PAYMENT
10-Jan-26,ARSALAN BHATTI 100 ARC KHATTA,,2000000,LAND PAYMENT
10-Feb-25,ARSALAN BHATTI 100 ARC KHATTA,,2000000,LAND PAYMENT
10-Mar-25,ARSALAN BHATTI 100 ARC KHATTA,,2000000,LAND PAYMENT
10-Apr-25,ARSALAN BHATTI 100 ARC KHATTA,,2000000,LAND PAYMENT
10-May-25,ARSALAN BHATTI 100 ARC KHATTA,,2000000,LAND PAYMENT
10-Jun-25,ARSALAN BHATTI 100 ARC KHATTA,,1500000,LAND PAYMENT
10-Nov-25,COMM ABDULLAH MARKETING,,67800,COMMISSION
10-Nov-25,COMM REALTORONLINE M/O SEP-25,,125775,COMMISSION
10-Nov-25,COMM SAQIB OCT 2025,,3500,COMMISSION
10-Nov-25,COMM FIVE STAR  OCT 2025,,64200,COMMISSION
10-Nov-25,COMM SHAHNWAZ M/O OCT ,,25270,COMMISSION
10-Nov-25,COMM ASSETUP START TILL OCT 2025,,82350,COMMISSION
10-Nov-25,COMM ALI SIBTAIN ,,4788,COMMISSION
10-Nov-25,COMM ARSALAN BHATTI OCT 2025,,16500,COMMISSION
10-Nov-25,MOBILE CHARGER .TISSUE.SPRAY.SOAP ,,2750,OFFICE EXPENSE
10-Nov-25,COMM MOHSIN OCT 2025,,1660,COMMISSION
10-Nov-25,COMM RAEES M/O SEP-25,,1000000,COMMISSION
11-Nov-25,COMM RAEES M/O SEP-25,,1000000,COMMISSION
11-Nov-25,COMM RAEES M/O SEP-25,,1000000,COMMISSION
11-Nov-25,COMM RAEES M/O SEP-25,,1000000,COMMISSION
12-Nov-25,COMM RAEES M/O SEP-25,,837281,COMMISSION
11-Nov-25,COMM AUN ASR ,,6980,COMMISSION
11-Nov-25,COMM ZEHRA ,,3500,COMMISSION
11-Nov-25,COMM ABIRA ,,4256,COMMISSION
11-Nov-25,SHEHNAZ ANTY M/O NOV 2025,,5000,COMMISSION
11-Nov-25,SHEIKH AMEEN /O NOV 2025,,20000,COMMISSION
13-Nov-25,MEDICINE CALCIEE FOR OFS ,,849,OFFICE EXPENSE
12-Nov-25,FIRST AID BOX ,,500,OFFICE EXPENSE
14-Nov-25,FLOWERS FOR WELCOM REHAN ,,1500,OFFICE EXPENSE
14-Nov-25,TWO NEW REGISTERS,,800,OFFICE EXPENSE
14-Nov-25,REFUND YUSRA L-152 ,,5000,REFUND
14-Nov-25,REFUND SANA L-1 & MEHAK L-2,,12000,REFUND
15-Nov-25,ZAFAR SOFTWARE M/O NOV,,10000,OTHERS
15-Nov-25,DOMEN HAMNA LOAN FOR SOFTWARE,,10000,OTHERS
17-Nov-25,TCS BILL ,,621,OFFICE EXPENSE
17-Nov-25,STROM FIBER BILL,,3410,OFFICE EXPENSE
17-Nov-25,HAMNA LOAN REGISTER,,150,OTHERS
17-Nov-25,SHINE STAR LEGAL SECP CHARGES,,1100,OFFICE EXPENSE
17-Nov-25,HABIBULLAH ZAMEEN 1,,100000,LAND PAYMENT
17-Nov-25,FRUITS FOR HABIBULLAH,,1000,OFFICE EXPENSE
17-Nov-25,SUGAR,,200,OFFICE EXPENSE
17-Nov-25,RAFIQ AHMED ZAMEEN 2,,1000000,LAND PAYMENT
17-Nov-25,HABIBULLAH ZAMEEN 1,,1000000,LAND PAYMENT
18-Nov-25,TONER REFILE OF FIVE PRINTERS,,2500,OFFICE EXPENSE
18-Nov-25,"DVC SHAHID C/O ALLAH DITTA SINGBOARD,BARRICADE,BARRIER",,130000,SITE DEVELOPMENT EXPENSE
18-Nov-25,"PALMOLIVE SOAP,HANDWASH,DUSTBINBAGS,SCOTCH BRITE",,1100,OFFICE EXPENSE
19-Nov-25,COMM INST SANIA,,100000,COMMISSION
20-Nov-25,INTERNET DEVICE MAISAM COMPUTER,,600,OFFICE EXPENSE
20-Nov-25,LED LIGHT,,200,OFFICE EXPENSE
20-Nov-25,PTCL BILL ,,6000,OFFICE EXPENSE
20-Nov-25,CAR INSTALLMENT,,47000,LOAN
21-Nov-25,SQ ADVANCE COMM,,10000,COMMISSION
21-Nov-25,ADVANCE NEW OFC CLEANING,,12000,OFFICE EXPENSE
22-Nov-25,TABLE GLASS,,800,OFFICE EXPENSE
22-Nov-25,ELECTRIC BILL,,53620,OFFICE EXPENSE
22-Nov-25,LAKHANI ESTATE ,,275000,OFFICE EXPENSE
22-Nov-25,RAZA PETROL,,500,OFFICE EXPENSE
22-Nov-25,COMM SHAMI KAPOOR,,63600,COMMISSION
24-Nov-25,GOHAR KHAN SITE CONSTRUCTION,,1500000,SITE DEVELOPMENT EXPENSE
24-Nov-25,HABIBULLAH ZAMEEN 1,,400000,LAND PAYMENT
24-Nov-25,SALARY SARA ANSARI M/O NOV-25,,24000,SALARY
24-Nov-25,SALARY ZARMEEN TANVEER M/O NOV-25,,24000,SALARY
24-Nov-25,COMM NAYAB,,6000,COMMISSION
24-Nov-25,TOWEL WASH,,200,OFFICE EXPENSE
24-Nov-25,MOTER REPAIR NEW OFC,,500,OFFICE EXPENSE
25-Nov-25,MARKETING COMM,,931859,COMMISSION
26-Nov-25,WATER BOTTLE,,500,OFFICE EXPENSE
26-Nov-25,REHAN AHMED COMM,,11970,COMMISSION
27-Nov-25,SUGAR,,100,OFFICE EXPENSE
27-Nov-25,WATER BOTTLE,,60,OFFICE EXPENSE
27-Nov-25,CERTIAGE REFILE,,500,OFFICE EXPENSE
27-Nov-25,PAID TO ARSALAN BHATTI UNOFICAL TMO,,300000,TOWN PLANNING
28-Nov-25,PTCL BILL deforter pay,,3700,OFFICE EXPENSE
28-Nov-25,"FANCY TOWEL,DUSTING CLOTHS,HANDWASH POCH",,6000,OFFICE EXPENSE
28-Nov-25,REFUND AMJAD A-04/172 NZ,,6000,REFUND
29-Nov-25,PETROL,,400,OFFICE EXPENSE
29-Nov-25,PTCL CONNECTION FOR NEW OFC,,3000,OFFICE EXPENSE
29-Nov-25,AQUARIUM ACCESSORIES & NEW TALA,,4230,OFFICE EXPENSE
29-Nov-25,LUNCH M/O NOV 2025,,29455,OFFICE EXPENSE
1-Dec-25,NUSRAT BHAI NEW OFC FORCILLING & WALLPAPER NEW OFC,,50000,OFFICE EXPENSE
1-Dec-25,ANAS REFUND RAEES L-1081,,3000,REFUND
1-Dec-25,SALARY RAZA M/O NOV 25,,30000,SALARY
1-Dec-25,CLEANING & DUSTING,,2000,OFFICE EXPENSE
1-Dec-25,RASHAN RAZA,,3000,OFFICE EXPENSE
1-Dec-25,SALARY ABIRA M/O NOV-25,,35000,SALARY
2-Dec-25,MAID SALARY,,1500,SALARY
2-Dec-25,SHAHID PRINTING GB FILES COVER,,125000,OFFICE EXPENSE
2-Dec-25,MAINTAINOUS,,1500,OFFICE EXPENSE
2-Dec-25,MEESAM SALARY,,35000,SALARY
2-Dec-25,ZEHRA SALARY,,50000,SALARY
2-Dec-25,SAMEER SALARY,,30000,SALARY
2-Dec-25,SHAFQAT SALARY ,,10000,SALARY
2-Dec-25,SHAN SALARY,,30000,SALARY
3-Dec-25,SAKINA SALARY,,31500,SALARY
3-Dec-25,ABBAS SALARY,,30000,SALARY
3-Dec-25,PRINTING,,10000,OFFICE EXPENSE
3-Dec-25,BASHEER SALARY,,50000,SALARY
3-Dec-25,MUBARAK SALARY,,50000,SALARY
3-Dec-25,RAFIQ SHOROO ZAMEEN 1,,200000,LAND PAYMENT
3-Dec-25,NEW OFC NEW AC,,60000,OFFICE EXPENSE
3-Dec-25,SHIFTING RIKSHA RENT,,300,OFFICE EXPENSE
3-Dec-25,SHENAZ ANTI M/O  NOV-25,,5000,COMMISSION
3-Dec-25,NEW OFC BULB & HOLDER,,400,OFFICE EXPENSE
4-Dec-25,WATER BOTTLE,,500,OFFICE EXPENSE
4-Dec-25,FILE CLIPS,,240,OFFICE EXPENSE
4-Dec-25,RAZA PETROL,,1000,OFFICE EXPENSE
4-Dec-25,HUSSAIN SALARY,,32700,SALARY
4-Dec-25,NUSRAT BHAI NEW OFC FORCILLING & WALLPAPER NEW OFC,,20000,OFFICE EXPENSE
4-Dec-25,ELECTRIC ACCESSORIES,,10000,OFFICE EXPENSE
5-Dec-25,COMM ASSETUP,,48600,COMMISSION
5-Dec-25,COMM ABBAS,,145502,COMMISSION
5-Dec-25,COMM SANIA,,119008,COMMISSION
5-Dec-25,COMM SHAHNAWAZ,,24206,COMMISSION
5-Dec-25,COMM SQ,,7470,COMMISSION
5-Dec-25,COMM ONE GLOBE ,,3320,COMMISSION
5-Dec-25,COMM WHITE GOLD,,3000,COMMISSION
5-Dec-25,COMM ALI SIBTAIN ,,19152,COMMISSION
5-Dec-25,COMM ARSALAN BHATTI,,3000,COMMISSION
5-Dec-25,COMM MOHSIN ASSOCIATES,,1660,COMMISSION
5-Dec-25,COMM DANIYAL TANOLI,,18886,COMMISSION
5-Dec-25,COMM FIVE STAR  ,,24900,COMMISSION
5-Dec-25,COMM NAEEM,,27058,COMMISSION
5-Dec-25,COMM TPA ,,35112,COMMISSION
5-Dec-25,COMM MUBARAK,,6000,COMMISSION
5-Dec-25,COMM MARKETING,,682399,COMMISSION
5-Dec-25,"CARTIAGE REFILE AND CHIP,BLADE REPAIR ",,1600,OFFICE EXPENSE
6-Dec-25,CARTIAGE REFILE,,500,OFFICE EXPENSE
6-Dec-25,CLEANING ACCESSORIES WIPER & MOP,,930,OFFICE EXPENSE
6-Dec-25,COLOUR ACCESSORIES NEW OFC,,10570,OFFICE EXPENSE
6-Dec-25,LED LIGHTS & WIRING ELECTRIC ACCESSORIES,,28580,OFFICE EXPENSE
6-Dec-25,NUSRAT BHAI FOR WALLPAPER,,60000,OFFICE EXPENSE
8-Dec-25,BIOMETRIC DEVICE INSTALLATION,,15000,OFFICE EXPENSE
8-Dec-25,SWEEPER & LABOUR LUNCH,,3000,OFFICE EXPENSE
8-Dec-25,LOADER RIKSHA CONVIENCE LABOUR,,19500,OFFICE EXPENSE
8-Dec-25,SIR ROOM ROOF COLOUR,,4750,OFFICE EXPENSE
8-Dec-25,ELECTRIC ACCESSORIES,,56000,OFFICE EXPENSE
8-Dec-25,TEA ROBE COTTON ,,1600,OFFICE EXPENSE
8-Dec-25,TEA,,210,OFFICE EXPENSE
9-Dec-25,ELECTRITION SHAHZAIB,,10000,OFFICE EXPENSE
9-Dec-25,HAMEED GLASS DOOR & JAFFRY OF ROOF INCLUDE LABOUR,,85000,OFFICE EXPENSE
9-Dec-25,INSECT SPARY,,1000,OFFICE EXPENSE
9-Dec-25,PTCL CONNECTION FOR NEW OFC,,8000,OFFICE EXPENSE
9-Dec-25,LOAN MAISAM,,30000,LOAN
9-Dec-25,PEANUTS,,1500,OFFICE EXPENSE
9-Dec-25,DUSTING,,300,OFFICE EXPENSE
9-Dec-25,NUSRAT BHAI FOR WALLPAPER,,50000,OFFICE EXPENSE
10-Dec-25,SIGNAL CABEL FOR SAMEER PC,,400,OFFICE EXPENSE
10-Dec-25,SANIPLAST BOX,,350,OFFICE EXPENSE
10-Dec-25,3 COLOURS TUBS,,13900,OFFICE EXPENSE
10-Dec-25,PARCEL RIDER CHARGES HAMZA,,450,OFFICE EXPENSE
10-Dec-25,GLASS HAMEED,,10000,OFFICE EXPENSE
10-Dec-25, DRILL BIT,,1000,OFFICE EXPENSE
10-Dec-25,HABIBULLAH LUNCH,,2850,OFFICE EXPENSE
10-Dec-25,CELL FOR WALLCLOCK,,200,OFFICE EXPENSE
11-Dec-25,HAMEED colour,,10000,OFFICE EXPENSE
11-Dec-25,WASHROOM & CLEANING ACCESSORIES,,3850,OFFICE EXPENSE
11-Dec-25,EVERYDAY & TEA,,14700,OFFICE EXPENSE
11-Dec-25,HAMEED COLOUR,,20000,OFFICE EXPENSE
11-Dec-25,ELECTRITION SHAHZAIB,,10000,OFFICE EXPENSE
11-Dec-25,CLEANING CLOTHS,,300,OFFICE EXPENSE
12-Dec-25,DECORATION ITEMS,,1200,OFFICE EXPENSE
12-Dec-25,ELECTRITION SHAHZAIB,,10000,OFFICE EXPENSE
12-Dec-25,OFC AND SIR WATER,,900,OFFICE EXPENSE
12-Dec-25,CARPENTER,,100,OFFICE EXPENSE
12-Dec-25,STAFF LUNCH FOR WILADAD,,8140,OFFICE EXPENSE
12-Dec-25,CAKE FOR WILADAD,,2301,OFFICE EXPENSE
12-Dec-25,FANUS REPARING,,5000,OFFICE EXPENSE
12-Dec-25,PRINTER REPAIR,,1400,OFFICE EXPENSE
12-Dec-25,"MOUSEPAD,CABLE OF PRINTER & NEW CHARGER OFC",,1300,OFFICE EXPENSE
13-Dec-25,NUSRAT BHAI WALLPAPER,,48000,OFFICE EXPENSE
13-Dec-25,ZAFAR SOFTWARE M/O DEC,,10000,OTHERS
13-Dec-25,ZAFAR SOFTWARE M/O DEC HAMNA LOAN,,10000,OTHERS
13-Dec-25,TWO JANAMAZ,,1000,OFFICE EXPENSE
13-Dec-25,NEW OFC GAS BILL,,1000,OFFICE EXPENSE
13-Dec-25,TONER REFILE ,,500,OFFICE EXPENSE
13-Dec-25,PEN BOX 3 6 SHOPNERS,,810,OFFICE EXPENSE
13-Dec-25,FANUS & LAMPS,,30000,OFFICE EXPENSE
13-Dec-25,SIX ROOF FANS,,59000,OFFICE EXPENSE
13-Dec-25,ROOM SPRAY 4 & TISSUE BOX 6,,2650,OFFICE EXPENSE
15-Dec-25,PTCL CONNECTION ACCESSORIES,,4500,OFFICE EXPENSE
15-Dec-25,NUSRAT BHAI WALLPAPER,,2000,OFFICE EXPENSE
15-Dec-25,SHAHID PRINTING GB FILES COVER,,160000,OFFICE EXPENSE
15-Dec-25,OFC MOB JACK REPAIR & NEW CABLE,,1050,OFFICE EXPENSE
15-Dec-25,M .BASIR REFUND R-04/623,,35000,REFUND
16-Dec-25,LOCKS & KEYS MAKING,,3000,OFFICE EXPENSE
16-Dec-25,CAR RENT FOR DINNING TABLE,,4000,OFFICE EXPENSE
16-Dec-25,HAMEED PURCHASE 4 WOODEN CABIN,,9000,OFFICE EXPENSE
16-Dec-25,HAMEED GLASS WINDOW,,9000,OFFICE EXPENSE
16-Dec-25,HAMEED MAIN GLASS DOOR ADV,,30000,OFFICE EXPENSE
16-Dec-25,SHENAZ ANTI M/O  DEC-25,,5000,COMMISSION
16-Dec-25,WASHROOM ACCESSORIES,,2380,OFFICE EXPENSE
16-Dec-25,ELECTRITION SHAHZAIB,,500,OFFICE EXPENSE
16-Dec-25,SIR WASHROOM ACCESSORIES ,,40500,OFFICE EXPENSE
17-Dec-25,PTCL LABOUR,,3000,OFFICE EXPENSE
17-Dec-25,NETWORKING WIRE AND SWITCH,,3750,OFFICE EXPENSE
17-Dec-25,ELECTRIC ACCESSORIES,,23130,OFFICE EXPENSE
17-Dec-25,ELECTRITION SHAHZAIB,,10000,OFFICE EXPENSE
17-Dec-25,QUILE,,130,OFFICE EXPENSE
17-Dec-25,WATER BOTTLE,,400,OFFICE EXPENSE
18-Dec-25,SHAHID PRINTING HAMNA LOAN ADV LETTER HEAD,,5000,OTHERS
18-Dec-25,NEW OFC ELECTRIC BILL,,8287,OFFICE EXPENSE
18-Dec-25,PLUMBER ACCESSORIES,,2350,OFFICE EXPENSE
18-Dec-25,NEW BELL & CELLS,,2780,OFFICE EXPENSE
18-Dec-25,PLUMBER ACCESSORIES,,2100,OFFICE EXPENSE
18-Dec-25,SHAHID PRINTING GB FILES COVER,,145000,OFFICE EXPENSE
18-Dec-25,OIL BOX FOR PARKING OUTSIDE OFC,,600,OFFICE EXPENSE
19-Dec-25,CLIPS & WIRE,,4000,OFFICE EXPENSE
19-Dec-25,COLOUR WALA,,100,OFFICE EXPENSE
19-Dec-25,DESKTOP SWITCH,,2500,OFFICE EXPENSE
19-Dec-25,HAMEED RESECPTION PARTITION,,5000,OFFICE EXPENSE
19-Dec-25,GLASS HAMEED,,22000,OFFICE EXPENSE
20-Dec-25,ELECTRITION SHAHZAIB,,5000,OFFICE EXPENSE
20-Dec-25,WATER BOTTLE,,400,OFFICE EXPENSE
20-Dec-25,SOFA CLEANING,,2000,OFFICE EXPENSE
20-Dec-25,HAMEED colour,,10000,OFFICE EXPENSE
22-Dec-25,HAMEED RESECPTION PARTITION,,10000,OFFICE EXPENSE
22-Dec-25,PARMENANT MARKER,,160,OFFICE EXPENSE
23-Dec-25,WATER BOTTLE,,100,OFFICE EXPENSE
23-Dec-25,AUN ASR COMM,,11620,COMMISSION
23-Dec-25,PTCL BILL,,1500,OFFICE EXPENSE
23-Dec-25,MUSHTAQ COMM,,4482,COMMISSION
23-Dec-25,NUSRAT BHAI WALLPAPER,,10000,OFFICE EXPENSE
23-Dec-25,HAMEED COLOUR PARTITION & CARPENTER LABOUR,,30000,OFFICE EXPENSE
23-Dec-25,ELECTRITION SHAZAIB,,9500,OFFICE EXPENSE
23-Dec-25,PLUMBER SHEROZ,,20000,OFFICE EXPENSE
23-Dec-25,PLUMBER ACCESSORIES,,250,OFFICE EXPENSE
23-Dec-25,PLUMBER ACCESSORIES,,9480,OFFICE EXPENSE
23-Dec-25,ELECTRIC TUBE LIGHTS ,,520,OFFICE EXPENSE
23-Dec-25,ELECTRIC ACCESSORIES 15000 REMAIN,,4000,OFFICE EXPENSE
24-Dec-25,RAFIQUE SHORO,,200000,LAND PAYMENT
24-Dec-25,NUSRAT BHAI WALLPAPER ,,15000,OFFICE EXPENSE
24-Dec-25,WATER BOTTLE,,400,OFFICE EXPENSE
26-Dec-25,SHEIKH AMEEN /O DEC 2025,,20000,COMMISSION
26-Dec-25,IRFAN BHAI ADV SALARY,,200000,SALARY
26-Dec-25,SIR FRND MOB PACKAGE,,2500,OFFICE EXPENSE
26-Dec-25,WATCHES RIKSHA RENT,,1350,OFFICE EXPENSE
26-Dec-25,HAMEED,,10000,OFFICE EXPENSE
27-Dec-25,LADDER RENT,,1050,OFFICE EXPENSE
27-Dec-25,STATINORY,,30310,OFFICE EXPENSE
27-Dec-25,RAZA PETROL,,1000,OFFICE EXPENSE
27-Dec-25,HAMNA LOAN SUBHAN SHAHID JAZZCASH,,20000,OTHERS
27-Dec-25,DECORATION,,3400,OTHERS
27-Dec-25,SHAFQAT,,15000,OTHERS
29-Dec-25,HAMNA LOAN SHAHID CATERING,,66000,OTHERS
29-Dec-25,HAMNA LAON PRINTING LETTERHEAD &PAYMENT SHEDULE,,23000,OTHERS
29-Dec-25, HAMNA LOAN HAMID LABOUR & ACCESSORIES,,21000,OTHERS
29-Dec-25,HAMNA SITE VISIT STAFF CONVENCE,,3000,OTHERS
29-Dec-25,STAFF TOKEN OF APPRICATION,,24000,OFFICE EXPENSE
29-Dec-25,PRINTERREFILE & REPAIR,,1850,OFFICE EXPENSE
29-Dec-25,SUGAR,,200,OFFICE EXPENSE
30-Dec-25,HAMNA LOAN SITE ACCESSORIES,,16500,OTHERS
30-Dec-25,HAMNA LOAN PANAFLEX PRINTING,,72500,OTHERS
30-Dec-25,PRINT DOCUMENTS,,100,OFFICE EXPENSE
31-Dec-25,WELADAD METHAI,,1480,OFFICE EXPENSE
31-Dec-25,HP NEW PRINTER,,35000,OFFICE EXPENSE
31-Dec-25,FIRNITURE CONVENCE,,5000,OFFICE EXPENSE
31-Dec-25,SALARY HUSSAIN M/O DEC-25,,35000,SALARY
31-Dec-25,SCRAPPER,,200,OFFICE EXPENSE
31-Dec-25,LUNCH M/O DEC 2025,,33590,OFFICE EXPENSE
